GameNo,Tm,D/N,Attendance,API DATE Format
1,BOS,D,37057,2009-04-07
2,BOS,N,37552,2009-04-08
3,BOS,D,37784,2009-04-09
10,BOS,N,38266,2009-04-17
11,BOS,N,37559,2009-04-18
12,BOS,D,37869,2009-04-19
13,BOS,D,37865,2009-04-20
14,BOS,D,37608,2009-04-22
15,BOS,N,37494,2009-04-22
16,BOS,N,38163,2009-04-24
17,BOS,D,37699,2009-04-25
18,BOS,N,38154,2009-04-26
28,BOS,N,37888,2009-05-06
29,BOS,N,37541,2009-05-07
30,BOS,N,37745,2009-05-08
31,BOS,D,37773,2009-05-09
32,BOS,N,37759,2009-05-10
39,BOS,N,37830,2009-05-19
40,BOS,N,38099,2009-05-20
41,BOS,N,38347,2009-05-21
42,BOS,N,38092,2009-05-22
43,BOS,N,37871,2009-05-23
44,BOS,D,37446,2009-05-24
55,BOS,N,37519,2009-06-05
56,BOS,N,37828,2009-06-06
57,BOS,D,37537,2009-06-07
58,BOS,N,37883,2009-06-09
59,BOS,N,38121,2009-06-10
60,BOS,N,38153,2009-06-11
64,BOS,N,38149,2009-06-16
65,BOS,N,38196,2009-06-17
66,BOS,N,37577,2009-06-18
67,BOS,N,37703,2009-06-19
68,BOS,N,38029,2009-06-20
69,BOS,D,37243,2009-06-21
79,BOS,N,38078,2009-07-03
80,BOS,D,37656,2009-07-04
81,BOS,D,37691,2009-07-05
82,BOS,N,38294,2009-07-06
83,BOS,N,37676,2009-07-07
84,BOS,N,37981,2009-07-08
85,BOS,N,38189,2009-07-09
86,BOS,N,38116,2009-07-10
87,BOS,N,37825,2009-07-11
88,BOS,D,37612,2009-07-12
95,BOS,N,38058,2009-07-24
96,BOS,N,38063,2009-07-25
97,BOS,D,37606,2009-07-26
98,BOS,N,37955,2009-07-27
99,BOS,N,38084,2009-07-28
100,BOS,N,38193,2009-07-29
101,BOS,D,37919,2009-07-30
111,BOS,N,37960,2009-08-10
112,BOS,N,38013,2009-08-11
113,BOS,N,38124,2009-08-12
114,BOS,D,37556,2009-08-13
121,BOS,N,37869,2009-08-21
122,BOS,D,37277,2009-08-22
123,BOS,N,38008,2009-08-23
124,BOS,N,37812,2009-08-24
125,BOS,N,38059,2009-08-25
126,BOS,N,37839,2009-08-26
127,BOS,N,38003,2009-08-27
128,BOS,N,37844,2009-08-28
129,BOS,N,37452,2009-08-29
130,BOS,D,37560,2009-08-30
138,BOS,N,37647,2009-09-08
139,BOS,N,37712,2009-09-09
140,BOS,N,37755,2009-09-12
141,BOS,D,38228,2009-09-13
142,BOS,N,37271,2009-09-13
143,BOS,N,37942,2009-09-15
144,BOS,N,37706,2009-09-16
145,BOS,N,38157,2009-09-17
156,BOS,N,37591,2009-09-28
157,BOS,N,37618,2009-09-29
158,BOS,N,37246,2009-09-30
159,BOS,N,37459,2009-10-01
160,BOS,N,37787,2009-10-02
161,BOS,N,37562,2009-10-03
162,BOS,D,37247,2009-10-04
7,CHC,D,40077,2009-04-13
8,CHC,D,39361,2009-04-15
9,CHC,D,38909,2009-04-16
10,CHC,D,40250,2009-04-17
11,CHC,D,40878,2009-04-18
12,CHC,N,38403,2009-04-21
13,CHC,N,38738,2009-04-22
14,CHC,D,40039,2009-04-23
21,CHC,N,37956,2009-04-30
22,CHC,D,38336,2009-05-01
23,CHC,D,40083,2009-05-02
24,CHC,D,40457,2009-05-03
25,CHC,N,39112,2009-05-04
26,CHC,D,39497,2009-05-05
32,CHC,N,39963,2009-05-12
33,CHC,N,38410,2009-05-13
34,CHC,D,39728,2009-05-14
35,CHC,D,40549,2009-05-16
36,CHC,D,40478,2009-05-17
43,CHC,N,38942,2009-05-25
44,CHC,N,38303,2009-05-26
45,CHC,D,38314,2009-05-27
46,CHC,N,39579,2009-05-28
47,CHC,D,40148,2009-05-29
48,CHC,D,41153,2009-05-30
49,CHC,N,40091,2009-05-31
58,CHC,D,41509,2009-06-12
59,CHC,D,40899,2009-06-13
60,CHC,D,40814,2009-06-14
61,CHC,D,40444,2009-06-17
62,CHC,D,40467,2009-06-18
63,CHC,D,40155,2009-06-19
64,CHC,D,41007,2009-06-20
65,CHC,D,40866,2009-06-21
76,CHC,N,40545,2009-07-02
77,CHC,D,41204,2009-07-03
78,CHC,D,40088,2009-07-04
79,CHC,D,40369,2009-07-05
80,CHC,N,40042,2009-07-06
81,CHC,N,40359,2009-07-07
82,CHC,D,40531,2009-07-08
83,CHC,D,40687,2009-07-10
84,CHC,D,41210,2009-07-11
85,CHC,D,40701,2009-07-12
86,CHC,N,41244,2009-07-12
94,CHC,D,41406,2009-07-24
95,CHC,D,41364,2009-07-25
96,CHC,D,41528,2009-07-26
97,CHC,N,40794,2009-07-27
98,CHC,N,40814,2009-07-28
99,CHC,D,41538,2009-07-29
100,CHC,D,41524,2009-07-30
111,CHC,N,41477,2009-08-11
112,CHC,N,41133,2009-08-12
113,CHC,D,41100,2009-08-13
114,CHC,D,41619,2009-08-14
115,CHC,D,41197,2009-08-15
123,CHC,N,37297,2009-08-25
124,CHC,N,36562,2009-08-26
125,CHC,D,35174,2009-08-27
126,CHC,D,39381,2009-08-28
127,CHC,D,40857,2009-08-29
128,CHC,D,39907,2009-08-30
129,CHC,N,36990,2009-08-31
130,CHC,N,36332,2009-09-01
131,CHC,D,39192,2009-09-02
132,CHC,D,40741,2009-09-03
139,CHC,D,39881,2009-09-11
140,CHC,D,40351,2009-09-12
141,CHC,D,39805,2009-09-13
142,CHC,N,38725,2009-09-14
143,CHC,N,38986,2009-09-15
144,CHC,N,38084,2009-09-16
145,CHC,D,39158,2009-09-17
156,CHC,N,35308,2009-09-29
157,CHC,D,34362,2009-09-30
158,CHC,N,33299,2009-09-30
159,CHC,D,33786,2009-10-02
160,CHC,D,39138,2009-10-03
161,CHC,D,39154,2009-10-04
1,BOS,N,37440,2010-04-04
2,BOS,N,38000,2010-04-06
3,BOS,N,38238,2010-04-07
10,BOS,N,37084,2010-04-16
11,BOS,N,37022,2010-04-17
12,BOS,D,37143,2010-04-18
13,BOS,D,37609,2010-04-19
14,BOS,N,37614,2010-04-20
15,BOS,N,37518,2010-04-21
16,BOS,N,37417,2010-04-22
17,BOS,N,37367,2010-04-23
18,BOS,N,38017,2010-04-24
19,BOS,D,37102,2010-04-25
26,BOS,N,37404,2010-05-03
27,BOS,N,37411,2010-05-04
28,BOS,N,37601,2010-05-05
29,BOS,N,37639,2010-05-06
30,BOS,N,37898,2010-05-07
31,BOS,D,37138,2010-05-08
32,BOS,N,37618,2010-05-09
33,BOS,N,37332,2010-05-10
34,BOS,N,37609,2010-05-11
35,BOS,D,37198,2010-05-12
41,BOS,N,37426,2010-05-19
42,BOS,N,38144,2010-05-20
49,BOS,N,37940,2010-05-27
50,BOS,N,37945,2010-05-28
51,BOS,N,37956,2010-05-29
52,BOS,D,37581,2010-05-30
53,BOS,N,37337,2010-06-01
54,BOS,N,37783,2010-06-02
55,BOS,D,37386,2010-06-03
63,BOS,N,38021,2010-06-11
64,BOS,D,37061,2010-06-12
65,BOS,D,37230,2010-06-13
66,BOS,N,37459,2010-06-15
67,BOS,N,37452,2010-06-16
68,BOS,N,37544,2010-06-17
69,BOS,N,37723,2010-06-18
70,BOS,D,37454,2010-06-19
71,BOS,N,37430,2010-06-20
78,BOS,N,38013,2010-06-29
79,BOS,N,38055,2010-06-30
80,BOS,N,38067,2010-07-02
81,BOS,N,38106,2010-07-03
82,BOS,D,37742,2010-07-04
89,BOS,N,38062,2010-07-15
90,BOS,N,37669,2010-07-16
91,BOS,N,37744,2010-07-17
92,BOS,D,37431,2010-07-18
103,BOS,N,37832,2010-07-30
104,BOS,D,37498,2010-07-31
105,BOS,D,37479,2010-08-01
106,BOS,N,37931,2010-08-02
107,BOS,N,37714,2010-08-03
108,BOS,N,37902,2010-08-04
109,BOS,N,38102,2010-08-05
120,BOS,N,38304,2010-08-17
121,BOS,N,37779,2010-08-18
122,BOS,N,37641,2010-08-19
123,BOS,N,37726,2010-08-20
124,BOS,N,37614,2010-08-21
125,BOS,D,37506,2010-08-22
126,BOS,N,37133,2010-08-23
127,BOS,D,37183,2010-08-25
128,BOS,N,37451,2010-08-25
135,BOS,D,37411,2010-09-04
136,BOS,N,37858,2010-09-04
137,BOS,D,37570,2010-09-05
138,BOS,N,37546,2010-09-06
139,BOS,N,37290,2010-09-07
140,BOS,N,37757,2010-09-08
147,BOS,N,37679,2010-09-17
148,BOS,N,37863,2010-09-18
149,BOS,D,37234,2010-09-19
150,BOS,N,37560,2010-09-20
151,BOS,N,37464,2010-09-21
152,BOS,N,37729,2010-09-22
160,BOS,D,37467,2010-10-02
161,BOS,N,37589,2010-10-02
162,BOS,D,37453,2010-10-03
7,CHC,D,41306,2010-04-12
8,CHC,D,39565,2010-04-14
9,CHC,D,38026,2010-04-15
10,CHC,D,37291,2010-04-16
11,CHC,D,40471,2010-04-17
12,CHC,D,39506,2010-04-18
20,CHC,N,37850,2010-04-26
21,CHC,N,37440,2010-04-27
22,CHC,D,36660,2010-04-28
23,CHC,D,36850,2010-04-29
24,CHC,D,37800,2010-04-30
25,CHC,D,40368,2010-05-01
26,CHC,D,38144,2010-05-02
33,CHC,N,38266,2010-05-10
34,CHC,N,38007,2010-05-11
35,CHC,D,38637,2010-05-12
36,CHC,D,39082,2010-05-14
37,CHC,D,41336,2010-05-15
38,CHC,D,40636,2010-05-16
39,CHC,N,35760,2010-05-17
40,CHC,N,37029,2010-05-18
46,CHC,N,34749,2010-05-25
47,CHC,N,35828,2010-05-26
48,CHC,D,33868,2010-05-27
49,CHC,D,39536,2010-05-28
50,CHC,D,40601,2010-05-29
51,CHC,D,41353,2010-05-30
61,CHC,D,41129,2010-06-11
62,CHC,D,40397,2010-06-12
63,CHC,N,40456,2010-06-13
64,CHC,N,34390,2010-06-15
65,CHC,N,36244,2010-06-16
66,CHC,D,36942,2010-06-17
67,CHC,D,39729,2010-06-18
68,CHC,D,40008,2010-06-19
69,CHC,D,39850,2010-06-20
76,CHC,N,38512,2010-06-28
77,CHC,N,36914,2010-06-29
78,CHC,D,37391,2010-06-30
79,CHC,D,36880,2010-07-01
80,CHC,D,40361,2010-07-02
81,CHC,D,40677,2010-07-03
82,CHC,D,41079,2010-07-04
90,CHC,N,40879,2010-07-15
91,CHC,D,40622,2010-07-16
92,CHC,D,40924,2010-07-17
93,CHC,N,39333,2010-07-18
94,CHC,N,35514,2010-07-19
95,CHC,N,36401,2010-07-20
96,CHC,D,38533,2010-07-21
97,CHC,D,40687,2010-07-23
98,CHC,D,41009,2010-07-24
99,CHC,N,41406,2010-07-25
106,CHC,N,37731,2010-08-02
107,CHC,N,36183,2010-08-03
108,CHC,D,38425,2010-08-04
109,CHC,D,40696,2010-08-06
110,CHC,D,41227,2010-08-07
111,CHC,D,39016,2010-08-08
119,CHC,N,36814,2010-08-16
120,CHC,N,33664,2010-08-17
121,CHC,D,33267,2010-08-18
122,CHC,D,30687,2010-08-19
123,CHC,D,39345,2010-08-20
124,CHC,D,41099,2010-08-21
125,CHC,D,37518,2010-08-22
132,CHC,N,29538,2010-08-30
133,CHC,N,31369,2010-08-31
134,CHC,D,33555,2010-09-01
135,CHC,D,31424,2010-09-03
136,CHC,D,39473,2010-09-04
137,CHC,D,40788,2010-09-05
138,CHC,D,31647,2010-09-06
139,CHC,N,31596,2010-09-07
140,CHC,N,33623,2010-09-08
150,CHC,N,36364,2010-09-21
151,CHC,N,37285,2010-09-22
152,CHC,N,34481,2010-09-23
153,CHC,D,36553,2010-09-24
154,CHC,D,39316,2010-09-25
155,CHC,D,38057,2010-09-26
7,BOS,D,37178,2011-04-08
8,BOS,D,37488,2011-04-09
9,BOS,N,37861,2011-04-10
10,BOS,N,37568,2011-04-11
11,BOS,N,37015,2011-04-12
12,BOS,N,37467,2011-04-15
13,BOS,D,37310,2011-04-16
14,BOS,D,37802,2011-04-17
15,BOS,D,37916,2011-04-18
25,BOS,N,37845,2011-04-29
26,BOS,N,37901,2011-04-30
27,BOS,D,37079,2011-05-01
28,BOS,N,37017,2011-05-02
29,BOS,N,37043,2011-05-03
30,BOS,N,37037,2011-05-04
31,BOS,D,37013,2011-05-05
32,BOS,N,37798,2011-05-06
33,BOS,D,37234,2011-05-07
34,BOS,D,37526,2011-05-08
35,BOS,N,37276,2011-05-09
41,BOS,N,37138,2011-05-16
42,BOS,N,37311,2011-05-18
43,BOS,N,37660,2011-05-19
44,BOS,N,37140,2011-05-20
45,BOS,N,37798,2011-05-21
46,BOS,N,37688,2011-05-22
54,BOS,N,37463,2011-05-30
55,BOS,N,37269,2011-05-31
56,BOS,D,37321,2011-06-01
57,BOS,N,37808,2011-06-03
58,BOS,D,37485,2011-06-04
59,BOS,D,37796,2011-06-05
69,BOS,N,37833,2011-06-17
70,BOS,N,38175,2011-06-18
71,BOS,D,37903,2011-06-19
72,BOS,N,38020,2011-06-20
73,BOS,N,38422,2011-06-21
74,BOS,D,37419,2011-06-22
84,BOS,D,38072,2011-07-04
85,BOS,N,37745,2011-07-05
86,BOS,N,37404,2011-07-06
87,BOS,N,37981,2011-07-07
88,BOS,N,37729,2011-07-08
89,BOS,N,38205,2011-07-09
90,BOS,D,37688,2011-07-10
97,BOS,N,38048,2011-07-22
98,BOS,N,38115,2011-07-23
99,BOS,D,37650,2011-07-24
100,BOS,N,37727,2011-07-25
101,BOS,N,37460,2011-07-26
102,BOS,N,38329,2011-07-27
103,BOS,D,37822,2011-07-28
107,BOS,N,37943,2011-08-01
108,BOS,N,38101,2011-08-02
109,BOS,N,38172,2011-08-03
110,BOS,N,38477,2011-08-04
111,BOS,N,38006,2011-08-05
112,BOS,D,37416,2011-08-06
113,BOS,N,38189,2011-08-07
120,BOS,D,38525,2011-08-16
121,BOS,N,38278,2011-08-16
122,BOS,D,37747,2011-08-17
131,BOS,N,38239,2011-08-26
132,BOS,D,37314,2011-08-27
133,BOS,N,37039,2011-08-27
134,BOS,N,37773,2011-08-30
135,BOS,N,38021,2011-08-31
136,BOS,N,38074,2011-09-01
137,BOS,N,38083,2011-09-02
138,BOS,D,37806,2011-09-03
139,BOS,D,37744,2011-09-04
147,BOS,N,38020,2011-09-13
148,BOS,D,37087,2011-09-14
149,BOS,N,38071,2011-09-15
150,BOS,N,38019,2011-09-16
151,BOS,D,37682,2011-09-17
152,BOS,D,37613,2011-09-18
153,BOS,D,37885,2011-09-19
154,BOS,N,37261,2011-09-19
155,BOS,N,37414,2011-09-20
156,BOS,N,38004,2011-09-21
1,CHC,D,41358,2011-04-01
2,CHC,D,35782,2011-04-02
3,CHC,D,30857,2011-04-03
4,CHC,D,26292,2011-04-04
5,CHC,D,27039,2011-04-05
6,CHC,D,32272,2011-04-06
16,CHC,N,36597,2011-04-18
17,CHC,D,35544,2011-04-20
18,CHC,N,35095,2011-04-20
19,CHC,D,36595,2011-04-22
20,CHC,D,41161,2011-04-23
21,CHC,D,32943,2011-04-24
22,CHC,N,37417,2011-04-25
23,CHC,N,38261,2011-04-26
31,CHC,D,35471,2011-05-06
32,CHC,D,37666,2011-05-07
33,CHC,D,31931,2011-05-08
34,CHC,N,34249,2011-05-10
35,CHC,N,34439,2011-05-11
36,CHC,D,32559,2011-05-12
37,CHC,D,37433,2011-05-13
38,CHC,N,39706,2011-05-14
46,CHC,N,35707,2011-05-24
47,CHC,N,36666,2011-05-25
48,CHC,D,33378,2011-05-26
49,CHC,D,34105,2011-05-27
50,CHC,D,38413,2011-05-28
51,CHC,D,37464,2011-05-29
52,CHC,D,30450,2011-05-30
53,CHC,N,31178,2011-05-31
54,CHC,D,31340,2011-06-01
65,CHC,N,39070,2011-06-13
66,CHC,N,39151,2011-06-14
67,CHC,N,39821,2011-06-15
68,CHC,D,40024,2011-06-16
69,CHC,D,42219,2011-06-17
70,CHC,D,42236,2011-06-18
71,CHC,N,41828,2011-06-19
78,CHC,D,40854,2011-06-27
79,CHC,D,39157,2011-06-28
80,CHC,N,38360,2011-06-28
81,CHC,N,37221,2011-06-29
82,CHC,D,38158,2011-06-30
83,CHC,D,41486,2011-07-01
84,CHC,D,42165,2011-07-02
85,CHC,D,42311,2011-07-03
93,CHC,N,38145,2011-07-14
94,CHC,D,38391,2011-07-15
95,CHC,D,40709,2011-07-16
96,CHC,D,37634,2011-07-17
97,CHC,N,38183,2011-07-18
98,CHC,N,38857,2011-07-19
99,CHC,D,37864,2011-07-20
100,CHC,D,39855,2011-07-22
101,CHC,D,40486,2011-07-23
102,CHC,D,40406,2011-07-24
113,CHC,D,42245,2011-08-05
114,CHC,D,41978,2011-08-06
115,CHC,D,39619,2011-08-07
116,CHC,N,37109,2011-08-09
117,CHC,N,38010,2011-08-10
118,CHC,D,34733,2011-08-11
125,CHC,D,42343,2011-08-19
126,CHC,D,42374,2011-08-20
127,CHC,N,39420,2011-08-21
128,CHC,N,37061,2011-08-22
129,CHC,N,36639,2011-08-23
130,CHC,N,37098,2011-08-24
131,CHC,D,36136,2011-08-25
138,CHC,D,35153,2011-09-02
139,CHC,D,36628,2011-09-03
140,CHC,D,40469,2011-09-04
141,CHC,D,41341,2011-09-05
142,CHC,N,35297,2011-09-06
143,CHC,N,36797,2011-09-07
151,CHC,D,35318,2011-09-16
152,CHC,D,39377,2011-09-17
153,CHC,D,36250,2011-09-18
154,CHC,N,35076,2011-09-19
155,CHC,N,36571,2011-09-20
156,CHC,D,30965,2011-09-21
7,BOS,D,37032,2012-04-13
8,BOS,D,38024,2012-04-14
9,BOS,D,38024,2012-04-15
10,BOS,D,38108,2012-04-16
11,BOS,N,38229,2012-04-17
12,BOS,N,37967,2012-04-18
13,BOS,D,36770,2012-04-20
14,BOS,D,37839,2012-04-21
22,BOS,N,37359,2012-04-30
23,BOS,N,37225,2012-05-01
24,BOS,N,37434,2012-05-02
25,BOS,N,37223,2012-05-04
26,BOS,D,37581,2012-05-05
27,BOS,D,37394,2012-05-06
31,BOS,N,37348,2012-05-10
32,BOS,N,37438,2012-05-11
33,BOS,N,38048,2012-05-12
34,BOS,D,37611,2012-05-13
35,BOS,N,37334,2012-05-14
36,BOS,D,37292,2012-05-15
45,BOS,N,37594,2012-05-25
46,BOS,N,38099,2012-05-26
47,BOS,D,37844,2012-05-27
48,BOS,D,37921,2012-05-28
49,BOS,N,37216,2012-05-29
50,BOS,N,37195,2012-05-30
51,BOS,N,37629,2012-05-31
55,BOS,N,37181,2012-06-05
56,BOS,N,37243,2012-06-06
57,BOS,N,37307,2012-06-07
58,BOS,N,37309,2012-06-08
59,BOS,D,37534,2012-06-09
60,BOS,D,37467,2012-06-10
67,BOS,N,37701,2012-06-19
68,BOS,N,37362,2012-06-20
69,BOS,N,37261,2012-06-21
70,BOS,N,37281,2012-06-22
71,BOS,N,37782,2012-06-23
72,BOS,D,37565,2012-06-24
73,BOS,N,37208,2012-06-25
74,BOS,N,37755,2012-06-26
75,BOS,D,37744,2012-06-27
83,BOS,N,38066,2012-07-06
84,BOS,D,38170,2012-07-07
85,BOS,N,37791,2012-07-07
86,BOS,N,38270,2012-07-08
90,BOS,N,38334,2012-07-16
91,BOS,N,37771,2012-07-17
92,BOS,N,37367,2012-07-18
93,BOS,N,38413,2012-07-19
94,BOS,N,38093,2012-07-20
95,BOS,N,38170,2012-07-21
96,BOS,D,37737,2012-07-22
103,BOS,N,37784,2012-07-30
104,BOS,N,37275,2012-07-31
105,BOS,N,37213,2012-08-01
106,BOS,N,37191,2012-08-02
107,BOS,N,37285,2012-08-03
108,BOS,N,37914,2012-08-04
109,BOS,D,37019,2012-08-05
110,BOS,N,37316,2012-08-06
111,BOS,N,38416,2012-08-07
112,BOS,D,37716,2012-08-08
123,BOS,N,37794,2012-08-21
124,BOS,N,37373,2012-08-22
125,BOS,N,37829,2012-08-23
126,BOS,N,37228,2012-08-24
127,BOS,N,37103,2012-08-25
128,BOS,D,37188,2012-08-26
129,BOS,D,37506,2012-08-27
139,BOS,N,37156,2012-09-07
140,BOS,N,37107,2012-09-08
141,BOS,D,37226,2012-09-09
142,BOS,N,37437,2012-09-11
143,BOS,N,37230,2012-09-12
144,BOS,N,38134,2012-09-13
152,BOS,N,37731,2012-09-21
153,BOS,D,37570,2012-09-22
154,BOS,D,37310,2012-09-23
155,BOS,N,37045,2012-09-25
156,BOS,N,37247,2012-09-26
1,CHC,D,41176,2012-04-05
2,CHC,D,40102,2012-04-07
3,CHC,D,31973,2012-04-08
4,CHC,N,38136,2012-04-09
5,CHC,N,37265,2012-04-10
6,CHC,D,34044,2012-04-11
7,CHC,D,36311,2012-04-12
14,CHC,D,37782,2012-04-20
15,CHC,D,38405,2012-04-21
16,CHC,D,35801,2012-04-22
17,CHC,N,37794,2012-04-23
18,CHC,N,38894,2012-04-24
19,CHC,D,34894,2012-04-25
26,CHC,D,37332,2012-05-04
27,CHC,D,39874,2012-05-05
28,CHC,D,38125,2012-05-06
29,CHC,N,36307,2012-05-07
30,CHC,N,38523,2012-05-08
31,CHC,D,31904,2012-05-09
37,CHC,N,38678,2012-05-16
38,CHC,N,37986,2012-05-17
39,CHC,D,34937,2012-05-18
40,CHC,N,40228,2012-05-19
41,CHC,D,38374,2012-05-20
48,CHC,D,38452,2012-05-28
49,CHC,D,35219,2012-05-29
50,CHC,D,38516,2012-05-30
61,CHC,N,41164,2012-06-12
62,CHC,N,41326,2012-06-13
63,CHC,D,42292,2012-06-14
64,CHC,D,40073,2012-06-15
65,CHC,N,40766,2012-06-16
66,CHC,N,38531,2012-06-17
73,CHC,N,34092,2012-06-25
74,CHC,N,34064,2012-06-26
75,CHC,D,35837,2012-06-27
76,CHC,D,32891,2012-06-29
77,CHC,D,37906,2012-06-30
78,CHC,D,37389,2012-07-01
86,CHC,N,36878,2012-07-13
87,CHC,D,38068,2012-07-14
88,CHC,D,36659,2012-07-15
89,CHC,N,34397,2012-07-17
90,CHC,N,34934,2012-07-18
91,CHC,D,32741,2012-07-19
98,CHC,D,40778,2012-07-27
99,CHC,D,41276,2012-07-28
100,CHC,D,39534,2012-07-29
101,CHC,N,33337,2012-07-30
102,CHC,N,33158,2012-07-31
103,CHC,D,33014,2012-08-01
110,CHC,N,33397,2012-08-09
111,CHC,D,36891,2012-08-10
112,CHC,D,40602,2012-08-11
113,CHC,D,35461,2012-08-12
114,CHC,N,31452,2012-08-13
115,CHC,N,33376,2012-08-14
116,CHC,D,33714,2012-08-15
124,CHC,D,31255,2012-08-24
125,CHC,D,35296,2012-08-25
126,CHC,D,32346,2012-08-26
127,CHC,N,32541,2012-08-27
128,CHC,N,30017,2012-08-28
129,CHC,N,33271,2012-08-29
130,CHC,D,28859,2012-08-30
131,CHC,D,32476,2012-08-31
132,CHC,D,32477,2012-09-01
133,CHC,D,39760,2012-09-02
144,CHC,D,26946,2012-09-14
145,CHC,D,32774,2012-09-15
146,CHC,D,33559,2012-09-16
147,CHC,N,33017,2012-09-17
148,CHC,N,32547,2012-09-18
149,CHC,N,31001,2012-09-19
150,CHC,D,25891,2012-09-20
151,CHC,D,29100,2012-09-21
152,CHC,D,40298,2012-09-22
153,CHC,D,33354,2012-09-23
160,CHC,N,32167,2012-10-01
161,CHC,N,33168,2012-10-02
162,CHC,D,27606,2012-10-03
7,BOS,D,37008,2013-04-08
8,BOS,N,30862,2013-04-10
9,BOS,N,27704,2013-04-11
10,BOS,D,33039,2013-04-13
11,BOS,D,35198,2013-04-14
12,BOS,D,37449,2013-04-15
16,BOS,D,35152,2013-04-20
17,BOS,D,31483,2013-04-21
18,BOS,N,33270,2013-04-21
19,BOS,N,28926,2013-04-22
20,BOS,N,29006,2013-04-23
21,BOS,D,29274,2013-04-24
22,BOS,N,30093,2013-04-25
23,BOS,N,29312,2013-04-26
24,BOS,N,34726,2013-04-27
25,BOS,D,36527,2013-04-28
32,BOS,N,31088,2013-05-06
33,BOS,N,30549,2013-05-07
34,BOS,N,29969,2013-05-08
35,BOS,N,31571,2013-05-09
36,BOS,N,33606,2013-05-10
37,BOS,D,36543,2013-05-11
38,BOS,D,35532,2013-05-12
48,BOS,N,35254,2013-05-23
49,BOS,N,34074,2013-05-24
50,BOS,D,36504,2013-05-25
51,BOS,D,37046,2013-05-26
52,BOS,N,33627,2013-05-27
53,BOS,N,33463,2013-05-28
59,BOS,N,32035,2013-06-04
60,BOS,N,33296,2013-06-05
61,BOS,N,35352,2013-06-06
62,BOS,D,34499,2013-06-08
63,BOS,N,36518,2013-06-08
64,BOS,D,37054,2013-06-09
72,BOS,D,33430,2013-06-18
73,BOS,N,32156,2013-06-18
74,BOS,N,35710,2013-06-19
79,BOS,N,36286,2013-06-25
80,BOS,D,34632,2013-06-26
81,BOS,N,34750,2013-06-27
82,BOS,N,36383,2013-06-28
83,BOS,D,37437,2013-06-29
84,BOS,D,37425,2013-06-30
85,BOS,N,36498,2013-07-02
86,BOS,N,36911,2013-07-03
87,BOS,D,37607,2013-07-04
98,BOS,N,38130,2013-07-19
99,BOS,D,37601,2013-07-20
100,BOS,N,38138,2013-07-21
101,BOS,N,35016,2013-07-22
102,BOS,N,34609,2013-07-23
103,BOS,N,36514,2013-07-24
107,BOS,N,37242,2013-07-29
108,BOS,N,34578,2013-07-30
109,BOS,N,35059,2013-07-31
110,BOS,N,35886,2013-08-01
111,BOS,N,37652,2013-08-02
112,BOS,N,37941,2013-08-03
113,BOS,D,37611,2013-08-04
124,BOS,N,38143,2013-08-16
125,BOS,D,37517,2013-08-17
126,BOS,N,37917,2013-08-18
133,BOS,N,36226,2013-08-27
134,BOS,N,31962,2013-08-28
135,BOS,N,33300,2013-08-29
136,BOS,N,36063,2013-08-30
137,BOS,N,37363,2013-08-31
138,BOS,D,37053,2013-09-01
139,BOS,D,36188,2013-09-02
140,BOS,N,32071,2013-09-03
141,BOS,N,33720,2013-09-04
149,BOS,N,37542,2013-09-13
150,BOS,D,37510,2013-09-14
151,BOS,N,37137,2013-09-15
152,BOS,N,35030,2013-09-17
153,BOS,N,38540,2013-09-18
154,BOS,N,36436,2013-09-19
155,BOS,N,37215,2013-09-20
156,BOS,N,37569,2013-09-21
157,BOS,D,37020,2013-09-22
1,CHC,D,41176,2013-04-05
2,CHC,D,40102,2013-04-07
3,CHC,D,31973,2013-04-08
4,CHC,N,38136,2013-04-09
5,CHC,N,37265,2013-04-10
6,CHC,D,34044,2013-04-11
7,CHC,D,36311,2013-04-12
14,CHC,D,37782,2013-04-20
15,CHC,D,38405,2013-04-21
16,CHC,D,35801,2013-04-22
17,CHC,N,37794,2013-04-23
18,CHC,N,38894,2013-04-24
19,CHC,D,34894,2013-04-25
26,CHC,D,37332,2013-05-04
27,CHC,D,39874,2013-05-05
28,CHC,D,38125,2013-05-06
29,CHC,N,36307,2013-05-07
30,CHC,N,38523,2013-05-08
31,CHC,D,31904,2013-05-09
37,CHC,N,38678,2013-05-16
38,CHC,N,37986,2013-05-17
39,CHC,D,34937,2013-05-18
40,CHC,N,40228,2013-05-19
41,CHC,D,38374,2013-05-20
48,CHC,D,38452,2013-05-28
49,CHC,D,35219,2013-05-29
50,CHC,D,38516,2013-05-30
61,CHC,N,41164,2013-06-12
62,CHC,N,41326,2013-06-13
63,CHC,D,42292,2013-06-14
64,CHC,D,40073,2013-06-15
65,CHC,N,40766,2013-06-16
66,CHC,N,38531,2013-06-17
73,CHC,N,34092,2013-06-25
74,CHC,N,34064,2013-06-26
75,CHC,D,35837,2013-06-27
76,CHC,D,32891,2013-06-29
77,CHC,D,37906,2013-06-30
78,CHC,D,37389,2013-07-01
86,CHC,N,36878,2013-07-13
87,CHC,D,38068,2013-07-14
88,CHC,D,36659,2013-07-15
89,CHC,N,34397,2013-07-17
90,CHC,N,34934,2013-07-18
91,CHC,D,32741,2013-07-19
98,CHC,D,40778,2013-07-27
99,CHC,D,41276,2013-07-28
100,CHC,D,39534,2013-07-29
101,CHC,N,33337,2013-07-30
102,CHC,N,33158,2013-07-31
103,CHC,D,33014,2013-08-01
110,CHC,N,33397,2013-08-09
111,CHC,D,36891,2013-08-10
112,CHC,D,40602,2013-08-11
113,CHC,D,35461,2013-08-12
114,CHC,N,31452,2013-08-13
115,CHC,N,33376,2013-08-14
116,CHC,D,33714,2013-08-15
124,CHC,D,31255,2013-08-24
125,CHC,D,35296,2013-08-25
126,CHC,D,32346,2013-08-26
127,CHC,N,32541,2013-08-27
128,CHC,N,30017,2013-08-28
129,CHC,N,33271,2013-08-29
130,CHC,D,28859,2013-08-30
131,CHC,D,32476,2013-08-31
132,CHC,D,32477,2013-09-01
133,CHC,D,39760,2013-09-02
144,CHC,D,26946,2013-09-14
145,CHC,D,32774,2013-09-15
146,CHC,D,33559,2013-09-16
147,CHC,N,33017,2013-09-17
148,CHC,N,32547,2013-09-18
149,CHC,N,31001,2013-09-19
150,CHC,D,25891,2013-09-20
151,CHC,D,29100,2013-09-21
152,CHC,D,40298,2013-09-22
153,CHC,D,33354,2013-09-23
160,CHC,N,32167,2013-10-01
161,CHC,N,33168,2013-10-02
162,CHC,D,27606,2013-10-03
4,BOS,D,36728,2014-04-04
5,BOS,N,35729,2014-04-05
6,BOS,D,35958,2014-04-06
7,BOS,N,35842,2014-04-07
8,BOS,N,34142,2014-04-08
9,BOS,D,33585,2014-04-09
17,BOS,N,36408,2014-04-18
18,BOS,D,37689,2014-04-19
19,BOS,N,33947,2014-04-20
20,BOS,D,37513,2014-04-21
21,BOS,N,37041,2014-04-22
22,BOS,N,37015,2014-04-23
23,BOS,N,37356,2014-04-24
27,BOS,N,34794,2014-04-29
28,BOS,D,35621,2014-05-01
29,BOS,N,33465,2014-05-01
30,BOS,N,34850,2014-05-02
31,BOS,D,37042,2014-05-03
32,BOS,D,35649,2014-05-04
33,BOS,N,36004,2014-05-06
34,BOS,N,37072,2014-05-07
41,BOS,N,37225,2014-05-16
42,BOS,N,37608,2014-05-17
43,BOS,N,35006,2014-05-18
44,BOS,N,37904,2014-05-20
45,BOS,N,36116,2014-05-21
46,BOS,D,36018,2014-05-22
52,BOS,N,36189,2014-05-28
53,BOS,N,36292,2014-05-29
54,BOS,N,35820,2014-05-30
55,BOS,N,37076,2014-05-31
56,BOS,D,37688,2014-06-01
66,BOS,N,37750,2014-06-12
67,BOS,N,35772,2014-06-13
68,BOS,D,37181,2014-06-14
69,BOS,D,37356,2014-06-15
70,BOS,N,35693,2014-06-16
71,BOS,N,36835,2014-06-17
72,BOS,D,36489,2014-06-18
83,BOS,N,37814,2014-06-30
84,BOS,N,36748,2014-07-01
85,BOS,N,37055,2014-07-02
86,BOS,D,35714,2014-07-05
87,BOS,N,36468,2014-07-05
88,BOS,D,35811,2014-07-06
89,BOS,N,35114,2014-07-07
90,BOS,N,35345,2014-07-08
91,BOS,N,36218,2014-07-09
92,BOS,D,37547,2014-07-10
96,BOS,N,37743,2014-07-18
97,BOS,N,37878,2014-07-19
98,BOS,D,37439,2014-07-20
106,BOS,N,37974,2014-07-28
107,BOS,N,38275,2014-07-29
108,BOS,N,38203,2014-07-30
109,BOS,N,37782,2014-08-01
110,BOS,D,37302,2014-08-02
111,BOS,N,38035,2014-08-03
120,BOS,N,38065,2014-08-14
121,BOS,N,37016,2014-08-15
122,BOS,N,37652,2014-08-16
123,BOS,D,36717,2014-08-17
124,BOS,N,35170,2014-08-18
125,BOS,N,35471,2014-08-19
126,BOS,N,35136,2014-08-20
127,BOS,N,36160,2014-08-21
128,BOS,N,36433,2014-08-22
129,BOS,D,36905,2014-08-23
130,BOS,D,37022,2014-08-24
141,BOS,N,35667,2014-09-05
142,BOS,N,36677,2014-09-06
143,BOS,D,36261,2014-09-07
144,BOS,N,35894,2014-09-08
145,BOS,N,37008,2014-09-09
146,BOS,D,35374,2014-09-10
157,BOS,N,35566,2014-09-23
158,BOS,N,35741,2014-09-24
159,BOS,N,36590,2014-09-25
160,BOS,N,37605,2014-09-26
161,BOS,D,37147,2014-09-27
162,BOS,D,36879,2014-09-28
4,CHC,D,38283,2014-04-04
5,CHC,D,30651,2014-04-05
6,CHC,D,26712,2014-04-06
7,CHC,N,26177,2014-04-08
8,CHC,N,28247,2014-04-09
9,CHC,D,25502,2014-04-10
15,CHC,D,28699,2014-04-18
16,CHC,D,32966,2014-04-19
17,CHC,D,27927,2014-04-20
18,CHC,N,32439,2014-04-21
19,CHC,N,35381,2014-04-22
20,CHC,D,32323,2014-04-23
21,CHC,D,33085,2014-04-24
27,CHC,D,28160,2014-05-02
28,CHC,D,37874,2014-05-03
29,CHC,N,30023,2014-05-04
30,CHC,N,33146,2014-05-05
31,CHC,N,34305,2014-05-06
40,CHC,D,35771,2014-05-16
41,CHC,D,36671,2014-05-17
42,CHC,D,37631,2014-05-18
43,CHC,N,38753,2014-05-20
44,CHC,D,34808,2014-05-21
55,CHC,N,34697,2014-06-03
56,CHC,N,28185,2014-06-04
57,CHC,N,28833,2014-06-05
58,CHC,D,28495,2014-06-06
59,CHC,D,33786,2014-06-07
60,CHC,D,33134,2014-06-08
71,CHC,D,36423,2014-06-20
72,CHC,N,36563,2014-06-21
73,CHC,D,33573,2014-06-22
74,CHC,N,27747,2014-06-23
75,CHC,N,28226,2014-06-24
76,CHC,N,28207,2014-06-25
77,CHC,N,28867,2014-06-26
78,CHC,D,30683,2014-06-27
79,CHC,D,35770,2014-06-28
80,CHC,N,32267,2014-06-28
92,CHC,D,39544,2014-07-11
93,CHC,D,36806,2014-07-12
94,CHC,D,36363,2014-07-13
98,CHC,N,32730,2014-07-22
99,CHC,N,30718,2014-07-23
100,CHC,N,31321,2014-07-24
101,CHC,D,41534,2014-07-25
102,CHC,D,41927,2014-07-26
103,CHC,D,35256,2014-07-27
104,CHC,N,29702,2014-07-28
105,CHC,N,28590,2014-07-29
106,CHC,N,29491,2014-07-30
107,CHC,D,35729,2014-07-31
114,CHC,D,34937,2014-08-08
115,CHC,D,36739,2014-08-09
116,CHC,D,33039,2014-08-10
117,CHC,N,28927,2014-08-11
118,CHC,N,28819,2014-08-12
119,CHC,N,31191,2014-08-13
120,CHC,D,38157,2014-08-14
125,CHC,N,31064,2014-08-19
126,CHC,N,30633,2014-08-20
127,CHC,N,30541,2014-08-21
128,CHC,D,33761,2014-08-22
129,CHC,D,37156,2014-08-23
130,CHC,D,32774,2014-08-24
138,CHC,D,32054,2014-09-01
139,CHC,N,28434,2014-09-02
140,CHC,N,31251,2014-09-03
141,CHC,D,35541,2014-09-05
142,CHC,D,36867,2014-09-06
143,CHC,D,33894,2014-09-07
150,CHC,N,33144,2014-09-15
151,CHC,N,33812,2014-09-16
152,CHC,N,33500,2014-09-17
153,CHC,N,33649,2014-09-18
154,CHC,D,33322,2014-09-19
155,CHC,D,34334,2014-09-20
156,CHC,D,31933,2014-09-21
157,CHC,N,28893,2014-09-22
158,CHC,N,29754,2014-09-23
159,CHC,N,33292,2014-09-24
7,BOS,D,37203,2015-04-13
8,BOS,N,35258,2015-04-14
9,BOS,D,33493,2015-04-15
10,BOS,N,34341,2015-04-17
11,BOS,D,37655,2015-04-18
12,BOS,D,37761,2015-04-19
13,BOS,D,36829,2015-04-20
20,BOS,N,34739,2015-04-27
21,BOS,N,33920,2015-04-28
22,BOS,N,34220,2015-04-29
23,BOS,N,35444,2015-05-01
24,BOS,D,36611,2015-05-02
25,BOS,N,33198,2015-05-03
26,BOS,N,34541,2015-05-04
27,BOS,N,33688,2015-05-05
28,BOS,N,35060,2015-05-06
39,BOS,N,36580,2015-05-19
40,BOS,N,35726,2015-05-20
41,BOS,N,34945,2015-05-21
42,BOS,N,36150,2015-05-22
43,BOS,N,37735,2015-05-23
44,BOS,D,37742,2015-05-24
52,BOS,N,32622,2015-06-02
53,BOS,D,31704,2015-06-03
54,BOS,N,33291,2015-06-03
55,BOS,D,33615,2015-06-04
56,BOS,N,34910,2015-06-05
57,BOS,D,36713,2015-06-06
58,BOS,D,36913,2015-06-07
62,BOS,N,37575,2015-06-12
63,BOS,D,37158,2015-06-13
64,BOS,D,36296,2015-06-14
65,BOS,N,34439,2015-06-15
66,BOS,D,35662,2015-06-16
72,BOS,N,36508,2015-06-23
73,BOS,N,37762,2015-06-24
74,BOS,D,37706,2015-06-25
82,BOS,N,37837,2015-07-03
83,BOS,D,36703,2015-07-04
84,BOS,D,36481,2015-07-05
85,BOS,N,36863,2015-07-07
86,BOS,N,37009,2015-07-08
87,BOS,N,37984,2015-07-10
88,BOS,N,38047,2015-07-11
89,BOS,D,37283,2015-07-12
97,BOS,N,37650,2015-07-24
98,BOS,D,37256,2015-07-25
99,BOS,N,35582,2015-07-26
100,BOS,N,37401,2015-07-27
101,BOS,N,38063,2015-07-28
102,BOS,N,37104,2015-07-29
103,BOS,N,36215,2015-07-30
104,BOS,N,36715,2015-07-31
105,BOS,D,35944,2015-08-01
106,BOS,D,35699,2015-08-02
115,BOS,N,37678,2015-08-14
116,BOS,D,36027,2015-08-15
117,BOS,D,35260,2015-08-16
118,BOS,N,32701,2015-08-17
119,BOS,N,31907,2015-08-18
120,BOS,N,32465,2015-08-19
121,BOS,N,35458,2015-08-20
122,BOS,N,35203,2015-08-21
123,BOS,N,37135,2015-08-22
124,BOS,D,36151,2015-08-23
131,BOS,N,36148,2015-08-31
132,BOS,N,35077,2015-09-01
133,BOS,D,34416,2015-09-02
134,BOS,N,33674,2015-09-04
135,BOS,D,36534,2015-09-05
136,BOS,D,34708,2015-09-06
137,BOS,D,33659,2015-09-07
138,BOS,N,33432,2015-09-08
139,BOS,N,34464,2015-09-09
149,BOS,N,33673,2015-09-21
150,BOS,N,33673,2015-09-22
151,BOS,N,32753,2015-09-23
152,BOS,N,34916,2015-09-24
153,BOS,N,32411,2015-09-25
154,BOS,D,36316,2015-09-26
155,BOS,D,33306,2015-09-27
1,CHC,N,35055,2015-04-05
2,CHC,D,26814,2015-04-08
6,CHC,N,26390,2015-04-13
7,CHC,N,27525,2015-04-14
8,CHC,N,29205,2015-04-15
9,CHC,D,32138,2015-04-17
10,CHC,D,33958,2015-04-18
11,CHC,D,29113,2015-04-19
18,CHC,N,29159,2015-04-27
19,CHC,N,29915,2015-04-28
20,CHC,N,30634,2015-04-29
21,CHC,D,31128,2015-05-01
22,CHC,D,34878,2015-05-02
23,CHC,D,33398,2015-05-03
31,CHC,N,32980,2015-05-11
32,CHC,N,31542,2015-05-12
33,CHC,N,33709,2015-05-13
34,CHC,D,31496,2015-05-14
35,CHC,D,33617,2015-05-15
36,CHC,D,38883,2015-05-16
37,CHC,D,36289,2015-05-17
44,CHC,D,38463,2015-05-25
45,CHC,N,30440,2015-05-26
46,CHC,N,34215,2015-05-27
47,CHC,D,34273,2015-05-29
48,CHC,D,37766,2015-05-31
58,CHC,N,35031,2015-06-11
59,CHC,D,40016,2015-06-12
60,CHC,N,40693,2015-06-13
61,CHC,N,33201,2015-06-14
62,CHC,N,35914,2015-06-16
68,CHC,N,35147,2015-06-22
69,CHC,N,36799,2015-06-23
70,CHC,N,36653,2015-06-24
71,CHC,D,41498,2015-06-25
78,CHC,D,41212,2015-07-03
79,CHC,N,37898,2015-07-04
80,CHC,D,37764,2015-07-05
81,CHC,N,37609,2015-07-06
82,CHC,D,34368,2015-07-07
83,CHC,N,35703,2015-07-07
84,CHC,N,37993,2015-07-08
85,CHC,D,41580,2015-07-10
86,CHC,D,41596,2015-07-11
87,CHC,D,41688,2015-07-12
95,CHC,D,41230,2015-07-24
96,CHC,D,41683,2015-07-25
97,CHC,D,41123,2015-07-26
98,CHC,N,35070,2015-07-27
99,CHC,N,36747,2015-07-28
100,CHC,D,38874,2015-07-29
107,CHC,N,41242,2015-08-06
108,CHC,D,41311,2015-08-07
109,CHC,D,41305,2015-08-08
110,CHC,D,39939,2015-08-09
111,CHC,N,37109,2015-08-11
112,CHC,N,36438,2015-08-12
113,CHC,D,40799,2015-08-13
117,CHC,N,39684,2015-08-18
118,CHC,N,40310,2015-08-19
119,CHC,N,34633,2015-08-20
120,CHC,D,39211,2015-08-21
121,CHC,D,41196,2015-08-22
122,CHC,D,39581,2015-08-23
123,CHC,D,36283,2015-08-24
130,CHC,N,34017,2015-08-31
131,CHC,N,33756,2015-09-01
132,CHC,D,31165,2015-09-02
133,CHC,D,36132,2015-09-04
134,CHC,D,40690,2015-09-05
135,CHC,D,41183,2015-09-06
147,CHC,D,40846,2015-09-18
148,CHC,D,40994,2015-09-19
149,CHC,D,40962,2015-09-20
150,CHC,N,34373,2015-09-21
151,CHC,N,36270,2015-09-22
152,CHC,N,37559,2015-09-23
153,CHC,D,40432,2015-09-25
154,CHC,D,41150,2015-09-26
155,CHC,N,40617,2015-09-27
156,CHC,N,40552,2015-09-28
6,BOS,D,37160,2016-04-11
7,BOS,N,31114,2016-04-12
8,BOS,N,31011,2016-04-13
9,BOS,N,31415,2016-04-15
10,BOS,D,36267,2016-04-16
11,BOS,D,37217,2016-04-17
12,BOS,D,37168,2016-04-18
13,BOS,N,32061,2016-04-19
14,BOS,N,31689,2016-04-20
15,BOS,D,37954,2016-04-21
21,BOS,N,33380,2016-04-27
22,BOS,N,32232,2016-04-28
23,BOS,N,37115,2016-04-29
24,BOS,N,37901,2016-04-30
25,BOS,N,34279,2016-05-01
32,BOS,N,35227,2016-05-09
33,BOS,N,32167,2016-05-10
34,BOS,N,33283,2016-05-11
35,BOS,N,34982,2016-05-12
36,BOS,N,33148,2016-05-13
37,BOS,D,37430,2016-05-14
38,BOS,D,35736,2016-05-15
42,BOS,N,37354,2016-05-20
43,BOS,D,37254,2016-05-21
44,BOS,D,36021,2016-05-22
45,BOS,N,36123,2016-05-24
46,BOS,N,36430,2016-05-25
47,BOS,N,36162,2016-05-26
55,BOS,N,37129,2016-06-03
56,BOS,D,37762,2016-06-04
57,BOS,D,35823,2016-06-05
63,BOS,N,38009,2016-06-14
64,BOS,N,36233,2016-06-15
65,BOS,N,36757,2016-06-16
66,BOS,N,35896,2016-06-17
67,BOS,D,37195,2016-06-18
68,BOS,D,37211,2016-06-19
69,BOS,N,36291,2016-06-20
70,BOS,N,36544,2016-06-21
71,BOS,N,37413,2016-06-22
72,BOS,D,37790,2016-06-23
79,BOS,N,37117,2016-07-01
80,BOS,N,36552,2016-07-02
81,BOS,D,36801,2016-07-03
82,BOS,D,36253,2016-07-04
83,BOS,N,35964,2016-07-05
84,BOS,N,37175,2016-07-06
85,BOS,N,37739,2016-07-08
86,BOS,D,36900,2016-07-09
87,BOS,D,36669,2016-07-10
91,BOS,N,38082,2016-07-19
92,BOS,N,38201,2016-07-20
93,BOS,N,37566,2016-07-21
94,BOS,N,37001,2016-07-22
95,BOS,N,37600,2016-07-23
96,BOS,D,36806,2016-07-24
97,BOS,N,37479,2016-07-25
98,BOS,N,38378,2016-07-26
99,BOS,D,37842,2016-07-27
111,BOS,N,38089,2016-08-09
112,BOS,N,37779,2016-08-10
113,BOS,N,38161,2016-08-11
114,BOS,N,37555,2016-08-12
115,BOS,N,37653,2016-08-13
116,BOS,D,36842,2016-08-14
128,BOS,N,38134,2016-08-26
129,BOS,N,37933,2016-08-27
130,BOS,N,37337,2016-08-28
131,BOS,N,36948,2016-08-29
132,BOS,N,37083,2016-08-30
133,BOS,D,36786,2016-08-31
143,BOS,N,37551,2016-09-12
144,BOS,N,38041,2016-09-13
145,BOS,N,37973,2016-09-14
146,BOS,N,37767,2016-09-15
147,BOS,N,37927,2016-09-16
148,BOS,D,37267,2016-09-17
149,BOS,N,37306,2016-09-18
160,BOS,N,37661,2016-09-30
161,BOS,N,37396,2016-10-01
162,BOS,D,36787,2016-10-02
1,CHC,N,35055,2016-04-05
2,CHC,D,26814,2016-04-08
6,CHC,N,26390,2016-04-13
7,CHC,N,27525,2016-04-14
8,CHC,N,29205,2016-04-15
9,CHC,D,32138,2016-04-17
10,CHC,D,33958,2016-04-18
11,CHC,D,29113,2016-04-19
18,CHC,N,29159,2016-04-27
19,CHC,N,29915,2016-04-28
20,CHC,N,30634,2016-04-29
21,CHC,D,31128,2016-05-01
22,CHC,D,34878,2016-05-02
23,CHC,D,33398,2016-05-03
31,CHC,N,32980,2016-05-11
32,CHC,N,31542,2016-05-12
33,CHC,N,33709,2016-05-13
34,CHC,D,31496,2016-05-14
35,CHC,D,33617,2016-05-15
36,CHC,D,38883,2016-05-16
37,CHC,D,36289,2016-05-17
44,CHC,D,38463,2016-05-25
45,CHC,N,30440,2016-05-26
46,CHC,N,34215,2016-05-27
47,CHC,D,34273,2016-05-29
48,CHC,D,37766,2016-05-31
58,CHC,N,35031,2016-06-11
59,CHC,D,40016,2016-06-12
60,CHC,N,40693,2016-06-13
61,CHC,N,33201,2016-06-14
62,CHC,N,35914,2016-06-16
68,CHC,N,35147,2016-06-22
69,CHC,N,36799,2016-06-23
70,CHC,N,36653,2016-06-24
71,CHC,D,41498,2016-06-25
78,CHC,D,41212,2016-07-03
79,CHC,N,37898,2016-07-04
80,CHC,D,37764,2016-07-05
81,CHC,N,37609,2016-07-06
82,CHC,D,34368,2016-07-07
83,CHC,N,35703,2016-07-07
84,CHC,N,37993,2016-07-08
85,CHC,D,41580,2016-07-10
86,CHC,D,41596,2016-07-11
87,CHC,D,41688,2016-07-12
95,CHC,D,41230,2016-07-24
96,CHC,D,41683,2016-07-25
97,CHC,D,41123,2016-07-26
98,CHC,N,35070,2016-07-27
99,CHC,N,36747,2016-07-28
100,CHC,D,38874,2016-07-29
107,CHC,N,41242,2016-08-06
108,CHC,D,41311,2016-08-07
109,CHC,D,41305,2016-08-08
110,CHC,D,39939,2016-08-09
111,CHC,N,37109,2016-08-11
112,CHC,N,36438,2016-08-12
113,CHC,D,40799,2016-08-13
117,CHC,N,39684,2016-08-18
118,CHC,N,40310,2016-08-19
119,CHC,N,34633,2016-08-20
120,CHC,D,39211,2016-08-21
121,CHC,D,41196,2016-08-22
122,CHC,D,39581,2016-08-23
123,CHC,D,36283,2016-08-24
130,CHC,N,34017,2016-08-31
131,CHC,N,33756,2016-09-01
132,CHC,D,31165,2016-09-02
133,CHC,D,36132,2016-09-04
134,CHC,D,40690,2016-09-05
135,CHC,D,41183,2016-09-06
147,CHC,D,40846,2016-09-18
148,CHC,D,40994,2016-09-19
149,CHC,D,40962,2016-09-20
150,CHC,N,34373,2016-09-21
151,CHC,N,36270,2016-09-22
152,CHC,N,37559,2016-09-23
153,CHC,D,40432,2016-09-25
154,CHC,D,41150,2016-09-26
155,CHC,N,40617,2016-09-27
156,CHC,N,40552,2016-09-28
1,BOS,D,36594,2017-04-03
2,BOS,N,36137,2017-04-05
7,BOS,N,37497,2017-04-11
8,BOS,N,32211,2017-04-12
9,BOS,D,32400,2017-04-13
10,BOS,N,36813,2017-04-14
11,BOS,D,36686,2017-04-15
12,BOS,D,36209,2017-04-16
13,BOS,D,37318,2017-04-17
20,BOS,N,32072,2017-04-26
21,BOS,N,34054,2017-04-27
22,BOS,N,37054,2017-04-28
23,BOS,D,36776,2017-04-29
24,BOS,N,36916,2017-04-30
25,BOS,N,33489,2017-05-01
26,BOS,N,32932,2017-05-02
27,BOS,N,33162,2017-05-03
28,BOS,N,36563,2017-05-04
35,BOS,N,36496,2017-05-12
36,BOS,D,35447,2017-05-13
37,BOS,D,35080,2017-05-14
44,BOS,N,34769,2017-05-23
45,BOS,N,36089,2017-05-24
46,BOS,N,33484,2017-05-25
47,BOS,N,35080,2017-05-26
48,BOS,D,36985,2017-05-27
49,BOS,D,37174,2017-05-28
60,BOS,N,36853,2017-06-09
61,BOS,N,37162,2017-06-10
62,BOS,N,35457,2017-06-11
63,BOS,N,36757,2017-06-12
64,BOS,N,37141,2017-06-13
73,BOS,N,37034,2017-06-23
74,BOS,N,36868,2017-06-24
75,BOS,D,36474,2017-06-25
76,BOS,N,37172,2017-06-26
77,BOS,N,36804,2017-06-27
78,BOS,N,37487,2017-06-28
79,BOS,N,37445,2017-06-29
90,BOS,N,37570,2017-07-14
91,BOS,D,36936,2017-07-15
92,BOS,D,37343,2017-07-16
93,BOS,N,36719,2017-07-16
94,BOS,N,36144,2017-07-17
95,BOS,N,36488,2017-07-18
96,BOS,N,37360,2017-07-19
97,BOS,D,37094,2017-07-20
104,BOS,N,37321,2017-07-28
105,BOS,N,36912,2017-07-29
106,BOS,D,36480,2017-07-30
107,BOS,N,37169,2017-07-31
108,BOS,N,37126,2017-08-01
109,BOS,N,37442,2017-08-03
110,BOS,N,36612,2017-08-04
111,BOS,N,36599,2017-08-05
112,BOS,D,37283,2017-08-06
118,BOS,N,37430,2017-08-14
119,BOS,N,37345,2017-08-15
120,BOS,N,37181,2017-08-16
121,BOS,N,36784,2017-08-18
122,BOS,N,37274,2017-08-19
123,BOS,D,36911,2017-08-20
128,BOS,N,37191,2017-08-25
129,BOS,D,36655,2017-08-26
130,BOS,D,36625,2017-08-27
138,BOS,N,34311,2017-09-04
139,BOS,N,33009,2017-09-05
140,BOS,N,33190,2017-09-06
141,BOS,N,34781,2017-09-08
142,BOS,N,36734,2017-09-09
143,BOS,D,35859,2017-09-10
144,BOS,N,34355,2017-09-12
145,BOS,N,36366,2017-09-13
146,BOS,D,35470,2017-09-14
156,BOS,N,33940,2017-09-25
157,BOS,N,33999,2017-09-26
158,BOS,N,34445,2017-09-27
159,BOS,N,34222,2017-09-28
160,BOS,N,36623,2017-09-29
161,BOS,D,35722,2017-09-30
162,BOS,D,34517,2017-10-01
7,CHC,N,41166,2017-04-10
8,CHC,N,40844,2017-04-12
9,CHC,D,38379,2017-04-13
10,CHC,D,40430,2017-04-14
11,CHC,D,41814,2017-04-15
12,CHC,D,39422,2017-04-16
13,CHC,N,38636,2017-04-17
14,CHC,N,39026,2017-04-18
15,CHC,D,34864,2017-04-19
25,CHC,N,38567,2017-05-01
26,CHC,N,38660,2017-05-02
27,CHC,N,39335,2017-05-03
28,CHC,D,36394,2017-05-04
29,CHC,D,40395,2017-05-05
30,CHC,N,40735,2017-05-06
31,CHC,N,40584,2017-05-07
38,CHC,N,40653,2017-05-16
39,CHC,N,38715,2017-05-17
40,CHC,D,36023,2017-05-18
41,CHC,D,36923,2017-05-19
42,CHC,D,41671,2017-05-21
43,CHC,N,36204,2017-05-22
44,CHC,N,32905,2017-05-23
45,CHC,N,35617,2017-05-24
46,CHC,D,37513,2017-05-25
53,CHC,D,41051,2017-06-02
54,CHC,D,41164,2017-06-03
55,CHC,N,39868,2017-06-04
56,CHC,N,34037,2017-06-05
57,CHC,N,34082,2017-06-06
58,CHC,N,37294,2017-06-07
59,CHC,N,39385,2017-06-08
60,CHC,D,41229,2017-06-09
61,CHC,D,41226,2017-06-10
62,CHC,D,41116,2017-06-11
69,CHC,N,40802,2017-06-19
70,CHC,N,41607,2017-06-20
71,CHC,D,41708,2017-06-21
83,CHC,D,42046,2017-07-04
84,CHC,D,39855,2017-07-05
85,CHC,D,41576,2017-07-06
86,CHC,D,41294,2017-07-07
87,CHC,N,41865,2017-07-08
88,CHC,D,41604,2017-07-09
95,CHC,D,42186,2017-07-21
96,CHC,D,41969,2017-07-22
97,CHC,N,41582,2017-07-23
98,CHC,D,40849,2017-07-24
99,CHC,D,40717,2017-07-25
105,CHC,N,40709,2017-08-01
106,CHC,N,41321,2017-08-02
107,CHC,D,39525,2017-08-03
108,CHC,D,41396,2017-08-04
109,CHC,D,41857,2017-08-05
110,CHC,D,41047,2017-08-06
117,CHC,N,40263,2017-08-14
118,CHC,N,36698,2017-08-15
119,CHC,N,37021,2017-08-16
120,CHC,D,38675,2017-08-17
121,CHC,D,41814,2017-08-18
122,CHC,D,41558,2017-08-19
123,CHC,D,41459,2017-08-20
130,CHC,N,38453,2017-08-28
131,CHC,N,37370,2017-08-29
132,CHC,N,36628,2017-08-30
133,CHC,N,38031,2017-08-31
134,CHC,D,37280,2017-09-01
135,CHC,D,41329,2017-09-02
136,CHC,D,42145,2017-09-03
141,CHC,N,41020,2017-09-08
142,CHC,D,41167,2017-09-09
143,CHC,D,40113,2017-09-10
144,CHC,N,37834,2017-09-12
145,CHC,N,36008,2017-09-13
146,CHC,N,37867,2017-09-14
147,CHC,D,38464,2017-09-15
148,CHC,D,40959,2017-09-16
149,CHC,D,37242,2017-09-17
160,CHC,D,36258,2017-09-29
161,CHC,D,41493,2017-09-30
162,CHC,D,40971,2017-10-01
7,BOS,D,36134,2018-04-05
8,BOS,D,31821,2018-04-07
9,BOS,D,31979,2018-04-08
10,BOS,N,32357,2018-04-10
11,BOS,N,32400,2018-04-11
12,BOS,N,36341,2018-04-12
13,BOS,N,32610,2018-04-13
14,BOS,D,33584,2018-04-14
15,BOS,D,32489,2018-04-15
25,BOS,N,32620,2018-04-27
26,BOS,D,35795,2018-04-28
27,BOS,D,32888,2018-04-29
28,BOS,N,31314,2018-04-30
29,BOS,N,34466,2018-05-01
30,BOS,D,32267,2018-05-02
41,BOS,N,35249,2018-05-14
42,BOS,N,34906,2018-05-15
43,BOS,N,34947,2018-05-16
44,BOS,N,36615,2018-05-17
45,BOS,N,34935,2018-05-18
46,BOS,N,34195,2018-05-19
47,BOS,D,35550,2018-05-20
51,BOS,N,37008,2018-05-25
52,BOS,D,36510,2018-05-26
53,BOS,D,36543,2018-05-27
54,BOS,D,34700,2018-05-28
55,BOS,N,33380,2018-05-29
56,BOS,D,33451,2018-05-30
61,BOS,N,34762,2018-06-05
62,BOS,N,35182,2018-06-06
63,BOS,N,36556,2018-06-07
64,BOS,N,36593,2018-06-08
65,BOS,D,36675,2018-06-09
66,BOS,D,36998,2018-06-10
77,BOS,N,37342,2018-06-22
78,BOS,N,36051,2018-06-23
79,BOS,D,36274,2018-06-24
80,BOS,N,37366,2018-06-26
81,BOS,N,37521,2018-06-27
82,BOS,N,36992,2018-06-28
92,BOS,N,36754,2018-07-09
93,BOS,N,36883,2018-07-10
94,BOS,N,36920,2018-07-11
95,BOS,N,37182,2018-07-12
96,BOS,N,37018,2018-07-13
97,BOS,D,36390,2018-07-14
98,BOS,D,36940,2018-07-15
104,BOS,N,37439,2018-07-26
105,BOS,N,37273,2018-07-27
106,BOS,N,36798,2018-07-28
107,BOS,D,36785,2018-07-29
108,BOS,N,37722,2018-07-30
109,BOS,N,37816,2018-07-31
110,BOS,N,37317,2018-08-02
111,BOS,N,37231,2018-08-03
112,BOS,D,36699,2018-08-04
113,BOS,N,37830,2018-08-05
123,BOS,N,37012,2018-08-17
124,BOS,N,36654,2018-08-18
125,BOS,D,37242,2018-08-19
126,BOS,N,37274,2018-08-20
127,BOS,N,37188,2018-08-21
128,BOS,N,37107,2018-08-22
129,BOS,D,37396,2018-08-23
133,BOS,N,36708,2018-08-28
134,BOS,N,36628,2018-08-29
142,BOS,N,36930,2018-09-07
143,BOS,D,36684,2018-09-08
144,BOS,N,32787,2018-09-09
145,BOS,N,34747,2018-09-11
146,BOS,N,35178,2018-09-12
147,BOS,N,36427,2018-09-13
148,BOS,N,37117,2018-09-14
149,BOS,D,36611,2018-09-15
150,BOS,D,36526,2018-09-16
157,BOS,N,35619,2018-09-24
158,BOS,D,33577,2018-09-26
159,BOS,N,34445,2018-09-26
160,BOS,N,36779,2018-09-28
161,BOS,D,36375,2018-09-29
162,BOS,D,36201,2018-09-30
10,CHC,D,40144,2018-04-10
11,CHC,N,35596,2018-04-11
12,CHC,D,29949,2018-04-12
13,CHC,D,29775,2018-04-13
14,CHC,D,36788,2018-04-14
15,CHC,N,35103,2018-04-17
16,CHC,D,29648,2018-04-19
22,CHC,N,37197,2018-04-26
23,CHC,D,35579,2018-04-27
24,CHC,D,40147,2018-04-28
25,CHC,D,40895,2018-04-29
26,CHC,N,35922,2018-04-30
27,CHC,N,40077,2018-05-01
28,CHC,D,32909,2018-05-02
32,CHC,N,37333,2018-05-07
33,CHC,N,40051,2018-05-08
34,CHC,D,34486,2018-05-09
35,CHC,D,39585,2018-05-11
36,CHC,D,41099,2018-05-12
37,CHC,D,40537,2018-05-13
38,CHC,D,35946,2018-05-14
45,CHC,N,37168,2018-05-22
46,CHC,N,39004,2018-05-23
47,CHC,D,41177,2018-05-25
48,CHC,N,41250,2018-05-26
49,CHC,N,41587,2018-05-27
57,CHC,N,40553,2018-06-05
58,CHC,N,40275,2018-06-06
59,CHC,D,40057,2018-06-07
60,CHC,D,40097,2018-06-08
61,CHC,D,41045,2018-06-09
62,CHC,D,40735,2018-06-10
69,CHC,D,39273,2018-06-19
70,CHC,N,40409,2018-06-19
71,CHC,D,41199,2018-06-20
80,CHC,D,41492,2018-06-29
81,CHC,D,40950,2018-06-30
82,CHC,D,40051,2018-07-01
83,CHC,D,38424,2018-07-03
84,CHC,D,40510,2018-07-04
85,CHC,D,41434,2018-07-06
86,CHC,D,41538,2018-07-07
87,CHC,D,38655,2018-07-08
94,CHC,N,41406,2018-07-19
95,CHC,D,41077,2018-07-20
96,CHC,D,41004,2018-07-21
97,CHC,N,41244,2018-07-21
98,CHC,D,39737,2018-07-22
99,CHC,N,40859,2018-07-23
100,CHC,N,40869,2018-07-24
101,CHC,D,35548,2018-07-25
102,CHC,D,38979,2018-07-26
108,CHC,N,40714,2018-08-02
109,CHC,D,40894,2018-08-03
110,CHC,D,40855,2018-08-04
111,CHC,D,41136,2018-08-05
115,CHC,D,41531,2018-08-10
116,CHC,D,41320,2018-08-11
117,CHC,N,36490,2018-08-12
118,CHC,D,40441,2018-08-14
119,CHC,D,39619,2018-08-15
126,CHC,N,41130,2018-08-23
127,CHC,D,37760,2018-08-24
128,CHC,D,41205,2018-08-25
129,CHC,D,40331,2018-08-26
130,CHC,N,38935,2018-08-27
131,CHC,N,37017,2018-08-28
132,CHC,D,33386,2018-08-29
143,CHC,N,38471,2018-09-10
144,CHC,N,37017,2018-09-11
145,CHC,N,40234,2018-09-12
147,CHC,N,36468,2018-09-14
148,CHC,D,41196,2018-09-15
149,CHC,D,41314,2018-09-16
156,CHC,N,34570,2018-09-24
157,CHC,N,33443,2018-09-25
158,CHC,N,32874,2018-09-26
159,CHC,N,38415,2018-09-27
160,CHC,D,39442,2018-09-28
161,CHC,D,40784,2018-09-29
162,CHC,D,39275,2018-09-30
163,CHC,D,38450,2018-10-01
