,index,Year,Team,GameNo,D/N,Attendance,API DATE Format,Capacity,Attendance Rate,Icon,Precipitation,Temperature,Summary
0,80,2009,BOS,1,D,37057,2009-04-07,36984,100.19738265195761,cloudy,0.0,47.67,Overcast
1,82,2009,BOS,3,D,37784,2009-04-09,36984,102.16309755569976,partly-cloudy-day,0.0,58.28,Partly Cloudy
2,85,2009,BOS,12,D,37869,2009-04-19,36984,102.39292667099286,clear-day,0.0,52.93,Clear
3,86,2009,BOS,13,D,37865,2009-04-20,36984,102.38211118321436,clear-day,0.0,51.57,Clear
20,247,2010,BOS,12,D,37143,2010-04-18,36986,100.42448494024767,cloudy,0.0011,48.42,Overcast
21,248,2010,BOS,13,D,37609,2010-04-19,36986,101.68442113232034,cloudy,0.0,54.26,Overcast
23,260,2010,BOS,31,D,37138,2010-05-08,36986,100.41096631157735,rain,0.1115,54.5,Rain
24,264,2010,BOS,35,D,37198,2010-05-12,36986,100.57318985562105,partly-cloudy-day,0.0,51.7,Mostly Cloudy
40,322,2010,BOS,162,D,37453,2010-10-03,36986,101.26263991780674,cloudy,0.0,56.23,Overcast
41,404,2011,BOS,7,D,37178,2011-04-08,37065,100.30486982328341,clear-day,0.0,51.59,Clear
42,405,2011,BOS,8,D,37488,2011-04-09,37065,101.1412383650344,clear-day,0.0,59.09,Clear
43,410,2011,BOS,13,D,37310,2011-04-16,37065,100.66100094428705,partly-cloudy-day,0.0,44.18,Mostly Cloudy
44,411,2011,BOS,14,D,37802,2011-04-17,37065,101.988398758937,partly-cloudy-day,0.0033,56.79,Mostly Cloudy
45,412,2011,BOS,15,D,37916,2011-04-18,37065,102.29596654525832,clear-day,0.0,56.6,Clear
46,415,2011,BOS,27,D,37079,2011-05-01,37065,100.03777148253069,clear-day,0.0,56.85,Clear
47,419,2011,BOS,31,D,37013,2011-05-05,37065,99.85970592202887,cloudy,0.0,54.43,Overcast
49,422,2011,BOS,34,D,37526,2011-05-08,37065,101.24376096047483,partly-cloudy-day,0.0,57.84,Mostly Cloudy
69,566,2012,BOS,7,D,37032,2012-04-13,37067,99.90557638870153,partly-cloudy-day,0.0,59.77,Partly Cloudy
75,578,2012,BOS,26,D,37581,2012-05-05,37067,101.38667817735451,cloudy,0.0,59.3,Overcast
76,579,2012,BOS,27,D,37394,2012-05-06,37067,100.88218631127418,partly-cloudy-day,0.0,56.2,Mostly Cloudy
95,731,2013,BOS,10,D,33039,2013-04-13,37071,89.12357368293274,cloudy,0.0,47.98,Overcast
96,732,2013,BOS,11,D,35198,2013-04-14,37071,94.94753311213617,partly-cloudy-day,0.0,50.81,Mostly Cloudy
97,733,2013,BOS,12,D,37449,2013-04-15,37071,101.01966496722505,partly-cloudy-day,0.0,54.47,Partly Cloudy
98,734,2013,BOS,16,D,35152,2013-04-20,37071,94.82344689919343,partly-cloudy-day,0.0,55.45,Partly Cloudy
99,735,2013,BOS,17,D,31483,2013-04-21,37071,84.92622265382644,clear-day,0.0,49.09,Clear
104,753,2013,BOS,50,D,36504,2013-05-25,37071,98.47050254916242,rain,0.0035,51.76,Possible Drizzle
105,754,2013,BOS,51,D,37046,2013-05-26,37071,99.93256184079199,cloudy,0.0,55.34,Overcast
120,890,2014,BOS,4,D,36728,2014-04-04,37071,99.07474845566615,partly-cloudy-day,0.0,46.35,Mostly Cloudy
121,892,2014,BOS,6,D,35958,2014-04-06,37071,96.99765315205956,clear-day,0.0,50.75,Clear
122,895,2014,BOS,9,D,33585,2014-04-09,37071,90.5964230800356,cloudy,0.0,55.82,Overcast
123,897,2014,BOS,18,D,37689,2014-04-19,37071,101.66707129562191,partly-cloudy-day,0.0,59.72,Partly Cloudy
125,904,2014,BOS,28,D,35621,2014-05-01,37071,96.08858676593563,fog,0.0,54.22,Foggy
127,908,2014,BOS,32,D,35649,2014-05-04,37071,96.1641175042486,cloudy,0.0,58.99,Overcast
148,1057,2015,BOS,12,D,37761,2015-04-19,37227,101.43444274317028,partly-cloudy-day,0.0,54.05,Partly Cloudy
149,1058,2015,BOS,13,D,36829,2015-04-20,37227,98.930883498536,rain,0.0201,44.57,Light Rain
150,1063,2015,BOS,24,D,36611,2015-05-02,37227,98.34528702285975,clear-day,0.0,58.95,Clear
152,1075,2015,BOS,53,D,31704,2015-06-03,37227,85.163993875413,cloudy,0.0,56.53,Overcast
175,1214,2016,BOS,6,D,37160,2016-04-11,37497,99.10126143424807,cloudy,0.0,55.96,Overcast
176,1218,2016,BOS,10,D,36267,2016-04-16,37497,96.71973757900632,partly-cloudy-day,0.0,53.5,Partly Cloudy
181,1235,2016,BOS,38,D,35736,2016-05-15,37497,95.3036242899432,partly-cloudy-day,0.0,58.25,Mostly Cloudy
198,1294,2016,BOS,162,D,36787,2016-10-02,37497,98.1065151878817,cloudy,0.0,55.41,Overcast
199,1376,2017,BOS,1,D,36594,2017-04-03,37281,98.1572382715056,clear-day,0.0,56.71,Clear
200,1380,2017,BOS,9,D,32400,2017-04-13,37281,86.90754003379739,partly-cloudy-day,0.0,53.56,Partly Cloudy
205,1395,2017,BOS,36,D,35447,2017-05-13,37281,95.08060406104987,partly-cloudy-day,0.0,53.97,Mostly Cloudy
206,1396,2017,BOS,37,D,35080,2017-05-14,37281,94.09618840696334,rain,0.0123,47.47,Drizzle
220,1455,2017,BOS,161,D,35722,2017-09-30,37281,95.81824521874414,cloudy,0.006,55.06,Overcast
222,1539,2018,BOS,7,D,36134,2018-04-05,37305,96.86101058839297,clear-day,0.0,39.49,Clear
223,1540,2018,BOS,8,D,31821,2018-04-07,37305,85.29955770004021,partly-cloudy-day,0.0,42.99,Partly Cloudy
224,1541,2018,BOS,9,D,31979,2018-04-08,37305,85.72309341911271,partly-cloudy-day,0.0,40.78,Mostly Cloudy
225,1546,2018,BOS,14,D,33584,2018-04-14,37305,90.02546575526068,cloudy,0.0,52.17,Overcast
226,1547,2018,BOS,15,D,32489,2018-04-15,37305,87.09020238573918,cloudy,0.0,33.57,Overcast
228,1550,2018,BOS,27,D,32888,2018-04-29,37305,88.15976410668812,rain,0.0031,55.47,Possible Drizzle
232,1563,2018,BOS,53,D,36543,2018-05-27,37305,97.95737836751105,cloudy,0.0,55.21,Overcast
233,1564,2018,BOS,54,D,34700,2018-05-28,37305,93.01702184693741,cloudy,0.0,56.33,Overcast
241,1594,2018,BOS,112,D,36699,2018-08-04,37305,98.37555287494973,rain,0.1707,73.58,Rain
246,81,2009,BOS,2,N,37552,2009-04-08,37400,100.40641711229947,cloudy,0.0,44.41,Overcast
248,84,2009,BOS,11,N,37559,2009-04-18,37400,100.42513368983957,partly-cloudy-day,0.0,54.3,Mostly Cloudy
249,88,2009,BOS,15,N,37494,2009-04-22,37400,100.25133689839572,rain,0.0153,50.16,Drizzle
261,103,2009,BOS,55,N,37519,2009-06-05,37400,100.31818181818181,partly-cloudy-day,0.0006,58.52,Mostly Cloudy
263,106,2009,BOS,58,N,37883,2009-06-09,37400,101.29144385026737,fog,0.0,54.37,Foggy
264,107,2009,BOS,59,N,38121,2009-06-10,37400,101.92780748663101,cloudy,0.0,59.79,Overcast
265,108,2009,BOS,60,N,38153,2009-06-11,37400,102.0133689839572,cloudy,0.0,58.78,Overcast
293,144,2009,BOS,129,N,37452,2009-08-29,37400,100.13903743315507,rain,0.0335,59.27,Light Rain
299,152,2009,BOS,144,N,37706,2009-09-16,37400,100.81818181818181,partly-cloudy-day,0.0,59.59,Mostly Cloudy
300,153,2009,BOS,145,N,38157,2009-09-17,37400,102.02406417112299,partly-cloudy-day,0.0,58.32,Mostly Cloudy
303,156,2009,BOS,158,N,37246,2009-09-30,37400,99.58823529411764,cloudy,0.0,53.16,Overcast
304,157,2009,BOS,159,N,37459,2009-10-01,37400,100.15775401069519,cloudy,0.0,52.74,Overcast
305,158,2009,BOS,160,N,37787,2009-10-02,37400,101.03475935828877,partly-cloudy-day,0.0,56.64,Mostly Cloudy
310,245,2010,BOS,10,N,37084,2010-04-16,37402,99.14977808673332,rain,0.0038,41.32,Possible Drizzle
311,246,2010,BOS,11,N,37022,2010-04-17,37402,98.98401155018448,cloudy,0.0,41.03,Overcast
315,252,2010,BOS,17,N,37367,2010-04-23,37402,99.90642211646436,partly-cloudy-day,0.0,57.23,Mostly Cloudy
322,261,2010,BOS,32,N,37618,2010-05-09,37402,100.57750922410565,partly-cloudy-day,0.0,51.03,Mostly Cloudy
323,262,2010,BOS,33,N,37332,2010-05-10,37402,99.81284423292871,clear-day,0.0,55.39,Clear
324,263,2010,BOS,34,N,37609,2010-05-11,37402,100.55344633976792,clear-day,0.0,56.03,Clear
325,265,2010,BOS,41,N,37426,2010-05-19,37402,100.06416769156729,rain,0.0035,53.74,Possible Drizzle
367,406,2011,BOS,9,N,37861,2011-04-10,37493,100.98151654975595,clear-day,0.0,59.35,Clear
369,408,2011,BOS,11,N,37015,2011-04-12,37493,98.72509535113221,clear-day,0.0,58.52,Clear
370,409,2011,BOS,12,N,37467,2011-04-15,37493,99.93065372202811,clear-day,0.0,43.63,Clear
375,418,2011,BOS,30,N,37037,2011-05-04,37493,98.78377297095457,rain,0.045,56.95,Light Rain
378,424,2011,BOS,41,N,37138,2011-05-16,37493,99.05315658922999,rain,0.0147,47.87,Drizzle
379,425,2011,BOS,42,N,37311,2011-05-18,37493,99.51457605419678,rain,0.0023,52.38,Possible Drizzle
380,426,2011,BOS,43,N,37660,2011-05-19,37493,100.44541647774251,rain,0.0295,56.76,Light Rain
383,429,2011,BOS,46,N,37688,2011-05-22,37493,100.52009708478916,cloudy,0.0,53.01,Overcast
421,571,2012,BOS,12,N,37967,2012-04-18,37495,101.25883451126816,clear-day,0.0,52.98,Clear
422,574,2012,BOS,22,N,37359,2012-04-30,37495,99.6372849713295,partly-cloudy-day,0.0,57.21,Partly Cloudy
423,575,2012,BOS,23,N,37225,2012-05-01,37495,99.2799039871983,rain,0.002,46.73,Possible Drizzle
424,576,2012,BOS,24,N,37434,2012-05-02,37495,99.8373116415522,cloudy,0.0,50.26,Overcast
425,577,2012,BOS,25,N,37223,2012-05-04,37495,99.27456994265901,cloudy,0.0,56.28,Overcast
429,584,2012,BOS,35,N,37334,2012-05-14,37495,99.5706094145886,rain,0.0215,58.97,Possible Light Rain
435,593,2012,BOS,55,N,37181,2012-06-05,37495,99.1625550073343,cloudy,0.0,55.67,Overcast
451,614,2012,BOS,92,N,37367,2012-07-18,37495,99.65862114948659,rain,0.1462,73.31,Rain
476,729,2013,BOS,8,N,30862,2013-04-10,37499,82.30086135630283,partly-cloudy-day,0.0,56.13,Mostly Cloudy
477,730,2013,BOS,9,N,27704,2013-04-11,37499,73.87930344809195,cloudy,0.0,48.6,Overcast
478,736,2013,BOS,18,N,33270,2013-04-21,37499,88.72236592975813,clear-day,0.0,50.28,Clear
479,737,2013,BOS,19,N,28926,2013-04-22,37499,77.13805701485373,partly-cloudy-day,0.0,46.01,Mostly Cloudy
480,738,2013,BOS,20,N,29006,2013-04-23,37499,77.35139603722766,rain,0.0071,42.12,Possible Drizzle
482,741,2013,BOS,23,N,29312,2013-04-26,37499,78.16741779780794,partly-cloudy-day,0.0,53.39,Mostly Cloudy
507,779,2013,BOS,102,N,34609,2013-07-23,37499,92.29312781674177,rain,0.1255,73.6,Rain
526,803,2013,BOS,152,N,35030,2013-09-17,37499,93.41582442198458,clear-day,0.0,59.96,Clear
531,891,2014,BOS,5,N,35729,2014-04-05,37499,95.27987412997679,partly-cloudy-day,0.0,48.97,Mostly Cloudy
532,893,2014,BOS,7,N,35842,2014-04-07,37499,95.58121549907997,cloudy,0.0,52.79,Overcast
534,896,2014,BOS,17,N,36408,2014-04-18,37499,97.09058908237553,partly-cloudy-day,0.0,42.42,Mostly Cloudy
535,898,2014,BOS,19,N,33947,2014-04-20,37499,90.5277474065975,clear-day,0.0,50.76,Clear
537,901,2014,BOS,22,N,37015,2014-04-23,37499,98.70929891463771,cloudy,0.0,50.66,Overcast
538,902,2014,BOS,23,N,37356,2014-04-24,37499,99.61865649750659,clear-day,0.0,55.69,Clear
539,903,2014,BOS,27,N,34794,2014-04-29,37499,92.78647430598149,cloudy,0.0,42.36,Overcast
549,917,2014,BOS,52,N,36189,2014-05-28,37499,96.50657350862689,cloudy,0.0,47.63,Overcast
589,1059,2015,BOS,20,N,34739,2015-04-27,37495,92.64968662488332,cloudy,0.0,52.67,Overcast
591,1061,2015,BOS,22,N,34220,2015-04-29,37495,91.26550206694226,partly-cloudy-day,0.0,55.95,Partly Cloudy
592,1062,2015,BOS,23,N,35444,2015-05-01,37495,94.52993732497666,cloudy,0.0,49.65,Overcast
598,1069,2015,BOS,40,N,35726,2015-05-20,37495,95.282037605014,partly-cloudy-day,0.0,59.0,Mostly Cloudy
602,1074,2015,BOS,52,N,32622,2015-06-02,37495,87.00360048006401,cloudy,0.0,48.41,Overcast
603,1076,2015,BOS,54,N,33291,2015-06-03,37495,88.78783837845046,clear-day,0.0,59.58,Clear
606,1084,2015,BOS,65,N,34439,2015-06-15,37495,91.84957994399252,rain,0.0099,55.41,Drizzle
638,1215,2016,BOS,7,N,31114,2016-04-12,37673,82.58965306718339,partly-cloudy-day,0.0002,51.7,Mostly Cloudy
639,1216,2016,BOS,8,N,31011,2016-04-13,37673,82.31624771056194,clear-day,0.0,48.94,Clear
640,1217,2016,BOS,9,N,31415,2016-04-15,37673,83.38863376954318,clear-day,0.0,56.02,Clear
641,1221,2016,BOS,13,N,32061,2016-04-19,37673,85.10338969553793,clear-day,0.0,57.03,Clear
642,1222,2016,BOS,14,N,31689,2016-04-20,37673,84.115945106575,clear-day,0.0,56.03,Clear
643,1224,2016,BOS,21,N,33380,2016-04-27,37673,88.60457091285537,clear-day,0.0,59.76,Clear
644,1225,2016,BOS,22,N,32232,2016-04-28,37673,85.5572956759483,clear-day,0.0,52.92,Clear
645,1226,2016,BOS,23,N,37115,2016-04-29,37673,98.51883311655563,clear-day,0.0,51.45,Clear
646,1227,2016,BOS,24,N,37901,2016-04-30,37673,100.6052079738805,partly-cloudy-day,0.0,56.37,Partly Cloudy
647,1228,2016,BOS,25,N,34279,2016-05-01,37673,90.99089533618242,cloudy,0.0,49.77,Overcast
654,1239,2016,BOS,45,N,36123,2016-05-24,37673,95.88564754598785,cloudy,0.0,56.16,Overcast
693,1292,2016,BOS,160,N,37661,2016-09-30,37673,99.96814694874314,rain,0.0143,56.29,Possible Drizzle
694,1293,2016,BOS,161,N,37396,2016-10-01,37673,99.26472540015396,rain,0.0043,54.77,Possible Drizzle
695,1377,2017,BOS,2,N,36137,2017-04-05,37731,95.77535713339165,cloudy,0.0,42.49,Overcast
698,1381,2017,BOS,10,N,36813,2017-04-14,37731,97.56698735787549,clear-day,0.0,59.19,Clear
699,1385,2017,BOS,20,N,32072,2017-04-26,37731,85.0017227213697,rain,0.0152,57.02,Drizzle
702,1389,2017,BOS,24,N,36916,2017-04-30,37731,97.8399724364581,cloudy,0.0007,47.18,Overcast
703,1390,2017,BOS,25,N,33489,2017-05-01,37731,88.75725530730699,cloudy,0.0,49.58,Overcast
705,1392,2017,BOS,27,N,33162,2017-05-03,37731,87.89059394132147,partly-cloudy-day,0.0,57.39,Mostly Cloudy
706,1393,2017,BOS,28,N,36563,2017-05-04,37731,96.90440221568473,partly-cloudy-day,0.0,58.31,Partly Cloudy
707,1394,2017,BOS,35,N,36496,2017-05-12,37731,96.7268293975776,partly-cloudy-day,0.0,56.04,Partly Cloudy
710,1399,2017,BOS,46,N,33484,2017-05-25,37731,88.74400360446317,rain,0.0157,52.47,Drizzle
711,1400,2017,BOS,47,N,35080,2017-05-26,37731,92.97394715220906,cloudy,0.0018,58.22,Overcast
753,1542,2018,BOS,10,N,32357,2018-04-10,37755,85.70255595285393,cloudy,0.0,39.72,Overcast
754,1543,2018,BOS,11,N,32400,2018-04-11,37755,85.81644815256257,partly-cloudy-day,0.0,44.39,Mostly Cloudy
755,1544,2018,BOS,12,N,36341,2018-04-12,37755,96.25480068865052,cloudy,0.0,52.64,Overcast
757,1548,2018,BOS,25,N,32620,2018-04-27,37755,86.39915243014171,rain,0.0867,50.95,Light Rain
758,1551,2018,BOS,28,N,31314,2018-04-30,37755,82.94000794596742,rain,0.0072,47.34,Possible Drizzle
761,1555,2018,BOS,42,N,34906,2018-05-15,37755,92.45397960535028,rain,0.1529,68.55,Rain
762,1556,2018,BOS,43,N,34947,2018-05-16,37755,92.56257449344457,partly-cloudy-day,0.0,54.89,Partly Cloudy
764,1558,2018,BOS,45,N,34935,2018-05-18,37755,92.53079062375845,partly-cloudy-day,0.0,55.57,Partly Cloudy
765,1559,2018,BOS,46,N,34195,2018-05-19,37755,90.57078532644682,rain,0.0173,51.75,Light Rain
798,1607,2018,BOS,144,N,32787,2018-09-09,37755,86.84147794994041,clear-day,0.0,59.05,Clear
803,1614,2018,BOS,157,N,35619,2018-09-24,37755,94.3424711958681,cloudy,0.0,55.52,Overcast
805,1617,2018,BOS,160,N,36779,2018-09-28,37755,97.41491193219441,cloudy,0.0,59.73,Overcast
806,0,2009,CHC,7,D,40077,2009-04-13,41210,97.25066731375881,rain,0.0555,37.65,Light Rain
807,1,2009,CHC,8,D,39361,2009-04-15,41210,95.5132249454016,cloudy,0.0,50.84,Overcast
811,7,2009,CHC,14,D,40039,2009-04-23,41210,97.15845668527058,partly-cloudy-day,0.0,59.02,Partly Cloudy
812,9,2009,CHC,22,D,38336,2009-05-01,41210,93.0259645717059,cloudy,0.0,53.65,Overcast
818,18,2009,CHC,36,D,40478,2009-05-17,41210,98.2237321038583,clear-day,0.0,58.32,Clear
823,27,2009,CHC,59,D,40899,2009-06-13,41210,99.24532880368844,rain,0.0073,57.85,Possible Drizzle
855,75,2009,CHC,157,D,34362,2009-09-30,41210,83.38267410822617,partly-cloudy-day,0.0,57.54,Partly Cloudy
856,77,2009,CHC,159,D,33786,2009-10-02,41210,81.98495510798351,cloudy,0.0,52.46,Overcast
857,78,2009,CHC,160,D,39138,2009-10-03,41210,94.97209415190488,partly-cloudy-day,0.0,57.39,Mostly Cloudy
858,79,2009,CHC,161,D,39154,2009-10-04,41210,95.01091967968941,partly-cloudy-day,0.0,57.02,Mostly Cloudy
863,165,2010,CHC,11,D,40471,2010-04-17,41210,98.20674593545257,clear-day,0.0,54.35,Clear
864,166,2010,CHC,12,D,39506,2010-04-18,41210,95.86508129094881,clear-day,0.0,50.62,Clear
870,176,2010,CHC,35,D,38637,2010-05-12,41210,93.75636981315216,cloudy,0.0,48.48,Overcast
909,240,2010,CHC,154,D,39316,2010-09-25,41210,95.40402814850765,partly-cloudy-day,0.0,57.57,Partly Cloudy
910,241,2010,CHC,155,D,38057,2010-09-26,41210,92.34894443096337,partly-cloudy-day,0.0,58.16,Mostly Cloudy
911,323,2011,CHC,1,D,41358,2011-04-01,41159,100.48349085254743,cloudy,0.0064,41.59,Overcast
912,324,2011,CHC,2,D,35782,2011-04-02,41159,86.93602857212275,partly-cloudy-day,0.0,48.53,Mostly Cloudy
914,326,2011,CHC,4,D,26292,2011-04-04,41159,63.8791029908404,cloudy,0.0,47.67,Overcast
915,327,2011,CHC,5,D,27039,2011-04-05,41159,65.69401588959887,partly-cloudy-day,0.0,47.01,Mostly Cloudy
916,328,2011,CHC,6,D,32272,2011-04-06,41159,78.40812459000462,partly-cloudy-day,0.0,55.66,Mostly Cloudy
917,330,2011,CHC,17,D,35544,2011-04-20,41159,86.3577832308851,cloudy,0.0,42.43,Overcast
918,332,2011,CHC,19,D,36595,2011-04-22,41159,88.91129522097233,rain,0.0231,41.92,Light Rain
920,334,2011,CHC,21,D,32943,2011-04-24,41159,80.03838771593091,partly-cloudy-day,0.0,54.9,Mostly Cloudy
922,338,2011,CHC,32,D,37666,2011-05-07,41159,91.5133992565417,cloudy,0.0,58.28,Overcast
926,347,2011,CHC,48,D,33378,2011-05-26,41159,81.09526470516776,cloudy,0.0,45.17,Overcast
927,348,2011,CHC,49,D,34105,2011-05-27,41159,82.86158555844408,partly-cloudy-day,0.0,56.58,Partly Cloudy
929,350,2011,CHC,51,D,37464,2011-05-29,41159,91.02261959717194,rain,0.1773,60.38,Rain
953,386,2011,CHC,126,D,42374,2011-08-20,41159,102.95196676304089,rain,0.10800000000000001,68.72,Rain
959,398,2011,CHC,151,D,35318,2011-09-16,41159,85.80869311693675,cloudy,0.0,58.09,Overcast
963,485,2012,CHC,1,D,41176,2012-04-05,41009,100.4072276817284,partly-cloudy-day,0.0,47.25,Partly Cloudy
966,490,2012,CHC,6,D,34044,2012-04-11,41009,83.01592333390232,partly-cloudy-day,0.0,48.93,Partly Cloudy
967,491,2012,CHC,7,D,36311,2012-04-12,41009,88.54397815113755,partly-cloudy-day,0.0,58.92,Partly Cloudy
968,492,2012,CHC,14,D,37782,2012-04-20,41009,92.13099563510448,cloudy,0.0,43.86,Overcast
969,493,2012,CHC,15,D,38405,2012-04-21,41009,93.65017435197151,partly-cloudy-day,0.0,49.19,Partly Cloudy
970,494,2012,CHC,16,D,35801,2012-04-22,41009,87.30034870394304,partly-cloudy-day,0.0,48.1,Partly Cloudy
971,497,2012,CHC,19,D,34894,2012-04-25,41009,85.08863907922651,rain,0.0041,56.61,Possible Drizzle
973,499,2012,CHC,27,D,39874,2012-05-05,41009,97.23231485771416,cloudy,0.0,54.61,Overcast
975,503,2012,CHC,31,D,31904,2012-05-09,41009,77.79755663390964,partly-cloudy-day,0.0002,56.87,Mostly Cloudy
1009,560,2012,CHC,151,D,29100,2012-09-21,41009,70.96003316345193,cloudy,0.0,59.57,Overcast
1010,561,2012,CHC,152,D,40298,2012-09-22,41009,98.26623424126412,partly-cloudy-day,0.0,53.2,Partly Cloudy
1011,562,2012,CHC,153,D,33354,2012-09-23,41009,81.3333658465215,partly-cloudy-day,0.0,57.45,Mostly Cloudy
1013,647,2013,CHC,1,D,41176,2013-04-05,41019,100.38274945756844,partly-cloudy-day,0.0,43.66,Partly Cloudy
1014,648,2013,CHC,2,D,40102,2013-04-07,41019,97.76445062044418,partly-cloudy-day,0.0,55.36,Partly Cloudy
1016,652,2013,CHC,6,D,34044,2013-04-11,41019,82.99568492649747,rain,0.0032,43.85,Possible Drizzle
1017,653,2013,CHC,7,D,36311,2013-04-12,41019,88.52239206221506,cloudy,0.0005,44.09,Overcast
1018,654,2013,CHC,14,D,37782,2013-04-20,41019,92.10853506911431,partly-cloudy-day,0.0,42.37,Mostly Cloudy
1019,655,2013,CHC,15,D,38405,2013-04-21,41019,93.62734342621711,partly-cloudy-day,0.0,48.6,Partly Cloudy
1021,659,2013,CHC,19,D,34894,2013-04-25,41019,85.0678953655623,partly-cloudy-day,0.0,47.38,Mostly Cloudy
1056,716,2013,CHC,145,D,32774,2013-09-15,41019,79.8995587410712,rain,0.0342,58.49,Light Rain
1063,809,2014,CHC,4,D,38283,2014-04-04,41072,93.2094857810674,cloudy,0.0,40.54,Overcast
1064,810,2014,CHC,5,D,30651,2014-04-05,41072,74.62748344370861,partly-cloudy-day,0.0,46.51,Partly Cloudy
1065,811,2014,CHC,6,D,26712,2014-04-06,41072,65.03700818075575,partly-cloudy-day,0.0,52.98,Partly Cloudy
1067,815,2014,CHC,15,D,28699,2014-04-18,41072,69.87485391507597,clear-day,0.0,48.14,Clear
1068,816,2014,CHC,16,D,32966,2014-04-19,41072,80.26392676275809,partly-cloudy-day,0.0,56.92,Partly Cloudy
1070,820,2014,CHC,20,D,32323,2014-04-23,41072,78.69838332684067,partly-cloudy-day,0.0,47.5,Partly Cloudy
1072,822,2014,CHC,27,D,28160,2014-05-02,41072,68.56252434748734,cloudy,0.0,50.24,Overcast
1074,827,2014,CHC,40,D,35771,2014-05-16,41072,87.09339696143358,rain,0.0089,40.4,Drizzle
1075,828,2014,CHC,41,D,36671,2014-05-17,41072,89.28467082197118,partly-cloudy-day,0.0,55.76,Mostly Cloudy
1106,972,2015,CHC,2,D,26814,2015-04-08,40929,65.51345012094114,cloudy,0.0,47.38,Overcast
1108,977,2015,CHC,10,D,33958,2015-04-18,40929,82.96806665200712,partly-cloudy-day,0.0,57.1,Mostly Cloudy
1119,996,2015,CHC,48,D,37766,2015-05-31,40929,92.27198319040289,cloudy,0.0,51.78,Overcast
1120,998,2015,CHC,59,D,40016,2015-06-12,40929,97.76930782574702,rain,0.0144,59.8,Drizzle
1149,1134,2016,CHC,2,D,26814,2016-04-08,41268,64.97528351264903,rain,0.0048,40.53,Possible Drizzle
1152,1140,2016,CHC,11,D,29113,2016-04-19,41268,70.54618590675584,partly-cloudy-day,0.0,55.27,Partly Cloudy
1153,1144,2016,CHC,21,D,31128,2016-05-01,41268,75.42890375109044,cloudy,0.0,46.34,Overcast
1154,1145,2016,CHC,22,D,34878,2016-05-02,41268,84.51584763012504,partly-cloudy-day,0.0,55.51,Partly Cloudy
1156,1150,2016,CHC,34,D,31496,2016-05-14,41268,76.32063584375304,cloudy,0.0,45.75,Overcast
1157,1151,2016,CHC,35,D,33617,2016-05-15,41268,81.460211301735,partly-cloudy-day,0.0,49.46,Mostly Cloudy
1159,1153,2016,CHC,37,D,36289,2016-05-17,41268,87.93496171367646,cloudy,0.0,50.1,Overcast
1192,1297,2017,CHC,9,D,38379,2017-04-13,41649,92.14867103651949,cloudy,0.0,51.35,Overcast
1196,1303,2017,CHC,15,D,34864,2017-04-19,41649,83.70909265528584,rain,0.0368,54.89,Light Rain
1197,1307,2017,CHC,28,D,36394,2017-05-04,41649,87.38265024370332,cloudy,0.0,48.96,Overcast
1198,1308,2017,CHC,29,D,40395,2017-05-05,41649,96.98912338831664,partly-cloudy-day,0.0,50.86,Partly Cloudy
1200,1314,2017,CHC,41,D,36923,2017-05-19,41649,88.65278878244375,cloudy,0.0,44.96,Overcast
1237,1457,2018,CHC,10,D,40144,2018-04-10,41649,96.38646786237365,partly-cloudy-day,0.0,43.34,Mostly Cloudy
1239,1460,2018,CHC,13,D,29775,2018-04-13,41649,71.4903118922423,cloudy,0.0,43.37,Overcast
1240,1461,2018,CHC,14,D,36788,2018-04-14,41649,88.32865134817162,rain,0.0027,37.99,Possible Drizzle
1241,1463,2018,CHC,16,D,29648,2018-04-19,41649,71.18538260222334,clear-day,0.0008,47.84,Clear
1242,1465,2018,CHC,23,D,35579,2018-04-27,41649,85.42582054791231,clear-day,0.0,54.2,Clear
1243,1466,2018,CHC,24,D,40147,2018-04-28,41649,96.39367091646858,partly-cloudy-day,0.0,47.77,Partly Cloudy
1244,1467,2018,CHC,25,D,40895,2018-04-29,41649,98.18963240413936,clear-day,0.0,53.15,Clear
1247,1474,2018,CHC,35,D,39585,2018-05-11,41649,95.04429878268385,cloudy,0.0022,48.63,Overcast
1248,1475,2018,CHC,36,D,41099,2018-05-12,41649,98.67944008259502,cloudy,0.0,48.87,Overcast
1249,1476,2018,CHC,37,D,40537,2018-05-13,41649,97.3300679488103,partly-cloudy-day,0.0,59.41,Mostly Cloudy
1285,1536,2018,CHC,161,D,40784,2018-09-29,41649,97.92311940262671,partly-cloudy-day,0.0,57.72,Mostly Cloudy
1293,5,2009,CHC,12,N,38403,2009-04-21,41210,93.18854646930357,rain,0.0055,42.79,Possible Drizzle
1294,6,2009,CHC,13,N,38738,2009-04-22,41210,94.00145595729192,partly-cloudy-day,0.0,58.0,Partly Cloudy
1307,19,2009,CHC,43,N,38942,2009-05-25,41210,94.49648143654454,rain,0.0066,56.35,Possible Drizzle
1362,74,2009,CHC,156,N,35308,2009-09-29,41210,85.6782334384858,cloudy,0.0,58.59,Overcast
1364,76,2009,CHC,158,N,33299,2009-09-30,41210,80.80320310604223,clear-day,0.0,56.63,Clear
1455,167,2010,CHC,20,N,37850,2010-04-26,41210,91.84663916525116,partly-cloudy-day,0.0,56.61,Partly Cloudy
1456,168,2010,CHC,21,N,37440,2010-04-27,41210,90.85173501577287,clear-day,0.0,49.51,Clear
1462,174,2010,CHC,33,N,38266,2010-05-10,41210,92.85610288764863,partly-cloudy-day,0.0,57.5,Mostly Cloudy
1463,175,2010,CHC,34,N,38007,2010-05-11,41210,92.22761465663675,cloudy,0.0,51.61,Overcast
1468,180,2010,CHC,39,N,35760,2010-05-17,41210,86.77505459839846,cloudy,0.0016,55.87,Overcast
1469,181,2010,CHC,40,N,37029,2010-05-18,41210,89.85440427080806,cloudy,0.0,56.33,Overcast
1617,329,2011,CHC,16,N,36597,2011-04-18,41159,88.91615442552055,cloudy,0.0003,38.68,Overcast
1619,331,2011,CHC,18,N,35095,2011-04-20,41159,85.26689180981073,cloudy,0.0,42.91,Overcast
1623,335,2011,CHC,22,N,37417,2011-04-25,41159,90.90842829028888,cloudy,0.0,48.96,Overcast
1632,344,2011,CHC,38,N,39706,2011-05-14,41159,96.46978789572147,cloudy,0.0004,47.9,Overcast
1633,345,2011,CHC,46,N,35707,2011-05-24,41159,86.75380840156467,partly-cloudy-day,0.0,55.39,Partly Cloudy
1777,489,2012,CHC,5,N,37265,2012-04-10,41009,90.87029676412494,partly-cloudy-day,0.0,44.09,Mostly Cloudy
1783,495,2012,CHC,17,N,37794,2012-04-23,41009,92.16025750445024,partly-cloudy-day,0.0,55.39,Partly Cloudy
1789,501,2012,CHC,29,N,36307,2012-05-07,41009,88.53422419468897,cloudy,0.0,59.49,Overcast
1845,557,2012,CHC,148,N,32547,2012-09-18,41009,79.36550513301958,partly-cloudy-day,0.0,59.89,Mostly Cloudy
1938,650,2013,CHC,4,N,38136,2013-04-09,41019,92.97154976961895,cloudy,0.0,47.48,Overcast
1939,651,2013,CHC,5,N,37265,2013-04-10,41019,90.84814354323605,cloudy,0.0,40.08,Overcast
1945,657,2013,CHC,17,N,37794,2013-04-23,41019,92.13778980472463,rain,0.0325,43.36,Light Rain
1946,658,2013,CHC,18,N,38894,2013-04-24,41019,94.81947390233793,partly-cloudy-day,0.0,50.7,Mostly Cloudy
2100,812,2014,CHC,7,N,26177,2014-04-08,41072,63.734417608102845,partly-cloudy-day,0.0,52.44,Mostly Cloudy
2107,819,2014,CHC,19,N,35381,2014-04-22,41072,86.14384495520062,partly-cloudy-day,0.0,49.02,Partly Cloudy
2112,824,2014,CHC,29,N,30023,2014-05-04,41072,73.09846123880016,partly-cloudy-day,0.0,51.65,Partly Cloudy
2113,825,2014,CHC,30,N,33146,2014-05-05,41072,80.7021815348656,partly-cloudy-day,0.0,51.68,Partly Cloudy
2114,826,2014,CHC,31,N,34305,2014-05-06,41072,83.52405531749123,partly-cloudy-day,0.0,58.71,Partly Cloudy
2158,870,2014,CHC,127,N,30541,2014-08-21,41072,74.35966108297625,rain,0.1893,74.33,Rain and Humid
2168,880,2014,CHC,150,N,33144,2014-09-15,41072,80.69731203739775,cloudy,0.0,58.02,Overcast
2267,979,2015,CHC,18,N,29159,2015-04-27,40929,71.24288401866647,partly-cloudy-day,0.0,50.52,Partly Cloudy
2268,980,2015,CHC,19,N,29915,2015-04-28,40929,73.0899850961421,partly-cloudy-day,0.0,53.74,Partly Cloudy
2269,981,2015,CHC,20,N,30634,2015-04-29,40929,74.84668572405873,partly-cloudy-day,0.0,56.18,Partly Cloudy
2274,986,2015,CHC,32,N,31542,2015-05-12,40929,77.06516162134427,partly-cloudy-day,0.0,55.97,Mostly Cloudy
2275,987,2015,CHC,33,N,33709,2015-05-13,40929,82.35969605902905,partly-cloudy-day,0.0,50.59,Partly Cloudy
2421,1133,2016,CHC,1,N,35055,2016-04-05,41268,84.94475138121547,partly-cloudy-day,0.0,43.63,Mostly Cloudy
2423,1135,2016,CHC,6,N,26390,2016-04-13,41268,63.947853058059515,cloudy,0.0,48.41,Overcast
2424,1136,2016,CHC,7,N,27525,2016-04-14,41268,66.69816807211399,partly-cloudy-day,0.0,58.66,Partly Cloudy
2429,1141,2016,CHC,18,N,29159,2016-04-27,41268,70.65765241833867,rain,0.0281,45.12,Light Rain
2430,1142,2016,CHC,19,N,29915,2016-04-28,41268,72.48958030435205,cloudy,0.0,45.93,Overcast
2431,1143,2016,CHC,20,N,30634,2016-04-29,41268,74.23185034409228,partly-cloudy-day,0.0,48.05,Mostly Cloudy
2501,1213,2016,CHC,156,N,40552,2016-09-28,41268,98.264999515363,rain,0.0157,57.85,Possible Drizzle
2584,1296,2017,CHC,8,N,40844,2017-04-12,41649,98.06718048452544,partly-cloudy-day,0.0,51.86,Partly Cloudy
2589,1301,2017,CHC,13,N,38636,2017-04-17,41649,92.76573267065235,partly-cloudy-day,0.0,54.43,Partly Cloudy
2592,1304,2017,CHC,25,N,38567,2017-05-01,41649,92.60006242646882,rain,0.0082,52.31,Possible Drizzle
2593,1305,2017,CHC,26,N,38660,2017-05-02,41649,92.82335710341185,cloudy,0.0,48.83,Overcast
2594,1306,2017,CHC,27,N,39335,2017-05-03,41649,94.44404427477251,partly-cloudy-day,0.0,52.91,Partly Cloudy
2597,1309,2017,CHC,30,N,40735,2017-05-06,41649,97.80546951907608,clear-day,0.0,54.29,Clear
2598,1310,2017,CHC,31,N,40584,2017-05-07,41649,97.44291579629763,clear-day,0.0,48.93,Clear
2605,1317,2017,CHC,44,N,32905,2017-05-23,41649,79.00549833129247,rain,0.0337,58.85,Light Rain
2606,1318,2017,CHC,45,N,35617,2017-05-24,41649,85.51705923311484,cloudy,0.0,57.02,Overcast
2746,1458,2018,CHC,11,N,35596,2018-04-11,41649,85.46663785445028,cloudy,0.0,56.68,Overcast
2750,1462,2018,CHC,15,N,35103,2018-04-17,41649,84.28293596484909,partly-cloudy-day,0.0,40.95,Partly Cloudy
2766,1478,2018,CHC,45,N,37168,2018-05-22,41649,89.24103820019688,cloudy,0.0,59.47,Overcast
2771,1483,2018,CHC,57,N,40553,2018-06-05,41649,97.36848423731662,partly-cloudy-day,0.0009,57.98,Mostly Cloudy
